canonical_root_domain,site_name,primary_niche,category,sub_category,as_of_date,sampling_stratum,traffic_tier,is_niche_authority,is_niche_authority_evidence,is_niche_authority_source_url,is_niche_authority_note,is_contrast_case,is_contrast_case_evidence,is_contrast_case_source_url,is_contrast_case_note,contrast_pattern,contrast_evidence_period,start_year_value,start_year_evidence,start_year_source_url,start_year_note,traffic_provider,traffic_metric,traffic_scope,traffic_value_raw,traffic_value_raw_period,traffic_value_monthly_equivalent,traffic_normalization_method,traffic_research_date,traffic_source_period,traffic_evidence,traffic_source_url,traffic_note,revenue_value,revenue_figure_period,revenue_research_date,revenue_evidence,revenue_source_url,revenue_note,display_ads,display_ads_evidence,display_ads_source_url,display_ads_note,affiliate,affiliate_evidence,affiliate_source_url,affiliate_note,own_product,own_product_evidence,own_product_source_url,own_product_note,course_or_community,course_or_community_evidence,course_or_community_source_url,course_or_community_note,newsletter_email_capture,newsletter_email_capture_evidence,newsletter_email_capture_source_url,newsletter_email_capture_note,content_scale_proxy_value,content_scale_proxy_method,content_scale_proxy_evidence,content_scale_proxy_source_url,content_scale_proxy_note
thomasjfrank.com,Thomas Frank,"Notion productivity systems, tutorials, templates",Productivity / PKM,UNKNOWN,2026-09-16,Large/Traffic Leader,MID,N,D,,Large personal-brand/creator site; not the singular reference site for a named sub-methodology the way fortelabs.com/zettelkasten.de/linkingyourthinking.com are.,N,D,,"Not a contrast case; used as Large/Traffic Leader example. The -25.66% MoM dip Similarweb reported is a single-month snapshot, not a verified multi-period decline.",NOT_APPLICABLE,,2010,B,https://www.starterstory.com/stories/thomas-frank,"Started as 'College Info Geek' blog in 2010; pivoted the business around Notion templates starting 2021, per Starter Story interview.",Similarweb,total visits,CONTENT_ONLY,118600,trailing_3_months,39533,"raw_3mo_total / 3, rounded to nearest integer",2026-09-16,Similarweb snapshot dated August 2026,B,https://www.similarweb.com/website/thomasjfrank.com/,"Global rank #345,634 at lookup; 25.66% MoM decline observed at time of lookup (single-month reading). Similarweb free-tier estimates are directional only.",UNKNOWN,"2021-2023 (cumulative), recent monthly figure as of 2023 interview",2026-09-16,UNKNOWN,UNKNOWN,"[pre-950 hardening] revenue_value normalized to UNKNOWN per the Study A revenue-field policy: Study A does not treat compound/fragmentary self-reported figures spanning multiple periods as a single structured revenue_value. The original figures are preserved here for context only, not as a structured value: self-reported by Thomas Frank in a Starter Story interview (https://www.starterstory.com/stories/thomas-frank) -- ~$120K/mo template sales + ~$15K/mo affiliate/AdSense + $1,200/mo Pipedream affiliate, plus a separate cumulative claim of ~$2.1M over 2021-2023 from templates and a 'recent' ~$175,000/month figure. These would have been A-tier (operator's own words, via a third-party interview) if Study A used a structured revenue field, but per the current policy any Study-B-style deep revenue reconstruction is out of scope for Study A.",N,C,https://thomasjfrank.com/,"Homepage fetch showed no banner/display ad units; monetization is templates, courses, YouTube sponsorships, not on-page display ads.",Y,A,https://www.starterstory.com/stories/thomas-frank,"Operator disclosed ~$1,200/month via Pipedream affiliate program in Starter Story interview.",Y,C,https://thomasjfrank.com/,"Sells own Notion templates (Ultimate Brain, Creator's Companion) and a Notion Fundamentals course directly on the homepage.",Y,C,https://thomasjfrank.com/,"Notion Fundamentals Course and template bundles observed directly on site; also co-founder of Nebula streaming service (adjacent product, not a course).",Y,C,https://thomasjfrank.com/,'Join My Notion Tips Newsletter' signup with free template lead magnet observed on homepage.,UNKNOWN,UNKNOWN,UNKNOWN,UNKNOWN,"No sitemap/index-count (or other automatable) content-scale proxy was collected during A0-Phase1/A0-Phase2 research -- this field was added to the production schema in this round without new research, per instruction to leave it UNKNOWN rather than backfill a guessed value."
zapier.com,Zapier Blog,"Productivity/automation software tutorials, app comparisons, workflow guides (incl. Notion/Todoist/task-management roundups)",Productivity / PKM,UNKNOWN,2026-09-16,Large/Traffic Leader,UNKNOWN,N,D,,"Company content-marketing blog, not a singular named-methodology authority site.",N,D,,"Not a contrast case; included as Large/Traffic Leader example, flagged as a company-blog edge case (see traffic_scope).",NOT_APPLICABLE,,2012,B,https://zapier.com/blog/erratic-effective-story-behind-zapier-blog-2013/,Zapier itself was founded in 2011 (Y Combinator); the blog's content-marketing engine is widely dated to ~2012-2013 per third-party retrospectives.,Similarweb,total visits,WHOLE_DOMAIN_INCLUDES_PRODUCT,5300000,trailing_3_months,1766667,"raw_3mo_total / 3, rounded to nearest integer",2026-09-16,Similarweb snapshot dated August 2026,B,https://www.similarweb.com/website/zapier.com/,"Figure is for the ENTIRE zapier.com domain (app + marketing site + blog combined), not blog traffic alone -- see traffic_scope=WHOLE_DOMAIN_INCLUDES_PRODUCT. Not comparable to CONTENT_ONLY rows in this dataset without adjustment. [schema patch] traffic_scope=WHOLE_DOMAIN_INCLUDES_PRODUCT, so content-level traffic_tier is forced to UNKNOWN per protocol rule, even though raw traffic_value_raw/monthly_equivalent (whole-domain figures) are preserved unchanged. Previously mis-derived tier was HIGH computed from whole-domain traffic, which is not valid for a content-only tier.",UNKNOWN,UNKNOWN,2026-09-16,UNKNOWN,,"Blog-attributable revenue not separable from overall SaaS company revenue. Zapier is reported elsewhere as a large, profitable SaaS company, but no source attributes a figure to blog content specifically.",N,C,https://zapier.com/,Blog homepage fetch showed no third-party display ad units; page is used purely for lead-gen into the Zapier product.,UNKNOWN,UNKNOWN,UNKNOWN,"[fabrication-removal patch, 2026-09-17] Reverted to UNKNOWN: the original research note described this as an observation of the Zapier blog ('on blog'), not confirmed as the site's root homepage specifically; per the no-auto-backfill policy this module no longer guesses a source_url for an imprecisely-located C-tier observation, and no new research was performed to pin down the exact page. Original finding (content promotes Zapier's own product rather than third-party affiliate links) is preserved here as unverified context only.",UNKNOWN,UNKNOWN,UNKNOWN,"[fabrication-removal patch, 2026-09-17] Reverted to UNKNOWN: original observation was of the Zapier blog nav (Zaps/Tables/Forms/Canvas/Agents links), not confirmed as the root homepage; no exact URL pinned down without new research. Underlying finding (blog functions as content-marketing funnel for Zapier's own SaaS product) preserved as unverified context only.",UNKNOWN,UNKNOWN,UNKNOWN,"[fabrication-removal patch, 2026-09-17] Reverted to UNKNOWN: 'no paid course or community offering observed; free guides only' was not tied to a specific confirmed URL in the original note; no new research performed to pin one down.",UNKNOWN,UNKNOWN,UNKNOWN,"[fabrication-removal patch, 2026-09-17] Reverted to UNKNOWN: newsletter signup was observed 'on blog', not confirmed as the root homepage specifically; no exact URL pinned down without new research.",UNKNOWN,UNKNOWN,UNKNOWN,UNKNOWN,"No sitemap/index-count (or other automatable) content-scale proxy was collected during A0-Phase1/A0-Phase2 research -- this field was added to the production schema in this round without new research, per instruction to leave it UNKNOWN rather than backfill a guessed value."
asianefficiency.com,Asian Efficiency,"Time management, productivity systems, task management coaching",Productivity / PKM,UNKNOWN,2026-09-16,Large/Traffic Leader,LOW,N,D,,"Broad time-management/productivity coaching brand, not the singular reference site for one named sub-methodology.",N,D,https://www.similarweb.com/website/asianefficiency.com/,"Not formally flagged as contrast case in this pass, though measured traffic (~11.9K/mo, LOW tier) and a 19.37% MoM dip are notably weaker than its 14-year operating history and press mentions would suggest -- borderline; flagged for reconsideration alongside is_niche_authority/traffic_tier separation (sampling_stratum=Large/Traffic Leader but traffic_tier=LOW is exactly the kind of stratum/tier mismatch this schema field split is meant to surface).",NOT_APPLICABLE,,2011,B,https://www.asianefficiency.com/about/,About page describes the blog/newsletter starting as a passion project in 2011 (founder Thanh Pham's personal productivity journey began 2008).,Similarweb,total visits,CONTENT_ONLY,35700,trailing_3_months,11900,"raw_3mo_total / 3, rounded to nearest integer",2026-09-16,Similarweb snapshot dated August 2026,B,https://www.similarweb.com/website/asianefficiency.com/,"Global rank #889,548, 19.37% MoM decrease at time of lookup.",UNKNOWN,UNKNOWN,2026-09-16,UNKNOWN,,"No self-published income figures found; site reports 50,000+ newsletter subscribers as an audience-size proxy, not a revenue figure.",N,C,https://asianefficiency.com/,No display ad units observed on homepage.,UNKNOWN,UNKNOWN,,"Newsletter lead magnet is a 'Top 14 Productivity Apps' guide, which plausibly contains affiliate links, but no explicit affiliate disclosure was directly observed on the fetched pages, so this is an inference only. [schema patch] evidence downgraded from D to UNKNOWN per Rule #8 (UNKNOWN value must carry UNKNOWN evidence); the D-level inference reasoning is preserved here as context only, not as evidence backing.",UNKNOWN,UNKNOWN,UNKNOWN,"[fabrication-removal patch, 2026-09-17] Reverted to UNKNOWN: original note said the customer login portal was 'found in search results', not observed on the site's homepage or any other confirmed page; per the no-auto-backfill policy this module does not guess a source_url for a search-result-based finding, and no new research was performed to visit and confirm the actual page. Original finding (own courses/training programs plus a 'store.asianefficiency.com/productivity-blueprint' portal found in search results) preserved here as unverified context only.",Y,C,https://asianefficiency.com/,"Offers coaching, workshops, and structured self-paced courses per About page and homepage.",Y,C,https://asianefficiency.com/,"Homepage newsletter opt-in citing '50,000 people subscribed' with a productivity-apps guide as lead magnet.",UNKNOWN,UNKNOWN,UNKNOWN,UNKNOWN,"No sitemap/index-count (or other automatable) content-scale proxy was collected during A0-Phase1/A0-Phase2 research -- this field was added to the production schema in this round without new research, per instruction to leave it UNKNOWN rather than backfill a guessed value."
nesslabs.com,Ness Labs,"Mindful productivity, neuroscience-informed personal knowledge management, learning systems",Productivity / PKM,UNKNOWN,2026-09-16,Mid-scale Active Site,MID,N,D,,"Newsletter-first creator brand covering mindful productivity broadly, not a singular named-methodology reference site.",N,D,,Not a contrast case; active and growing per Similarweb's positive MoM trend at lookup time.,NOT_APPLICABLE,,2018,D,,"Exact founding date not confirmed on-site; multiple secondary creator-story profiles place launch around 2018. Inference, not first-party statement.",Similarweb,total visits,CONTENT_ONLY,269100,trailing_3_months,89700,"raw_3mo_total / 3, rounded to nearest integer",2026-09-16,Similarweb snapshot dated June 2026,B,https://www.similarweb.com/website/nesslabs.com/,"Global rank #172,591, +15.87% MoM increase at time of lookup.",UNKNOWN,UNKNOWN,2026-09-16,UNKNOWN,,No self-published revenue figures found on-site; third-party creator-economy interviews discuss growth strategy but not exact revenue.,N,C,https://nesslabs.com/,No display ads observed on homepage.,UNKNOWN,UNKNOWN,,No affiliate links or disclosures observed on pages fetched; not confirmed absent site-wide.,Y,C,https://nesslabs.com/,"Sells own book 'Tiny Experiments' and runs a paid membership/learning community and online courses, all linked from homepage.",Y,C,https://nesslabs.com/,Paid community ('thousands of members') and workshops for groups of 10-100 observed on homepage/about page.,Y,C,https://nesslabs.com/,Weekly newsletter signup with free book-chapter lead magnet observed on homepage.,UNKNOWN,UNKNOWN,UNKNOWN,UNKNOWN,"No sitemap/index-count (or other automatable) content-scale proxy was collected during A0-Phase1/A0-Phase2 research -- this field was added to the production schema in this round without new research, per instruction to leave it UNKNOWN rather than backfill a guessed value."
keepproductive.com,Keep Productive,"Notion/productivity app reviews and tutorials, YouTube-linked content",Productivity / PKM,UNKNOWN,2026-09-16,Mid-scale Active Site,UNKNOWN,N,D,,"Notion/productivity app review creator, not a singular named-methodology reference site.",N,D,,"Not treated as contrast case; content/YouTube channel appear ongoing per search hits, but this is an inference given incomplete direct access (robots.txt blocked).",NOT_APPLICABLE,,2017,A,https://theplus.so/who/francesco-dalessio,"Founder Francesco D'Alessio quoted directly: 'We started Keep Productive in late 2017, after 3 previous years on YouTube.'",Similarweb,total visits,CONTENT_ONLY,UNKNOWN,UNKNOWN,UNKNOWN,UNKNOWN,2026-09-16,UNKNOWN,UNKNOWN,https://www.similarweb.com/website/keepproductive.com/,"Similarweb free overview returned 'No Data to Display'; robots.txt also blocked direct site fetch. Genuinely unknown from available tools -- left UNKNOWN per schema rules rather than guessed. [pre-950 hardening] traffic_scope reclassified from UNKNOWN to CONTENT_ONLY: this is a domain-structure judgment (keepproductive.com is a Notion/productivity review + YouTube-linked creator site, not a SaaS/app domain), independent of the fact that no traffic NUMBER could be obtained -- Section 3-6 traffic_scope and the traffic value itself are separate axes.",UNKNOWN,UNKNOWN,2026-09-16,UNKNOWN,,No self-published revenue figures found.,UNKNOWN,UNKNOWN,,"Homepage fetch blocked by robots.txt (response too large / disallowed); could not directly observe page monetization elements, so left UNKNOWN rather than inferred.",Y,B,https://theplus.so/who/francesco-dalessio,"A third-party creator profile (theplus.so) states Francesco 'has affiliate deals' with tools he reviews, and separately 'advises and invests in tools he rates' (Mem, Phase, Blockit) -- credible third-party reporting, not self-published, hence tier B not A.",Y,B,https://theplus.so/who/francesco-dalessio,Same third-party profile documents his own iOS app 'Bento' (launched 2022) as an owned product.,Y,B,https://theplus.so/who/francesco-dalessio,Third-party profile documents 'Notion Made Simple' course launched April 2019 with co-developer DottoTech.,UNKNOWN,UNKNOWN,,"Could not directly verify a newsletter signup on-site due to robots.txt block; a Substack presence (@keepproductive) was found in search results suggesting likely newsletter capture, but not directly confirmed on the primary site.",UNKNOWN,UNKNOWN,UNKNOWN,UNKNOWN,"No sitemap/index-count (or other automatable) content-scale proxy was collected during A0-Phase1/A0-Phase2 research -- this field was added to the production schema in this round without new research, per instruction to leave it UNKNOWN rather than backfill a guessed value."
fortelabs.com,Forte Labs (Building a Second Brain / Tiago Forte),PARA Method and 'Building a Second Brain' personal knowledge management methodology,Productivity / PKM,UNKNOWN,2026-09-16,Narrow Niche Authority,MID,Y,D,,Originating source of the PARA Method / 'Building a Second Brain' framework specifically; globally recognized book/course franchise within the PKM sub-niche.,N,D,,Not a contrast case; traffic trending up per Similarweb at lookup time.,NOT_APPLICABLE,,2015,D,,"Exact founding year not stated on fetched pages; inference from surrounding post dates and community history, not a first-party statement.",Similarweb,total visits,CONTENT_ONLY,281000,trailing_3_months,93667,"raw_3mo_total / 3, rounded to nearest integer",2026-09-16,Similarweb snapshot dated July 2026,B,https://www.similarweb.com/website/fortelabs.com/,"Global rank #169,158, +5.19% MoM growth at time of lookup -- comparable to or higher than some Large-tier sites, illustrating traffic_tier and sampling_stratum need not align.",UNKNOWN,UNKNOWN,2026-09-16,UNKNOWN,,No specific revenue figures found; a 2024 retrospective post references undisclosed 'sales milestones' for the book without numbers.,N,C,https://fortelabs.com/,No display ad units observed on homepage.,UNKNOWN,UNKNOWN,,"Homepage references curated 'best Second Brain apps' content, which plausibly carries affiliate links, but no explicit disclosure was directly observed -- inference only. [schema patch] evidence downgraded from D to UNKNOWN per Rule #8; original D-level inference (plausible affiliate links in 'best apps' content, not directly disclosed) preserved as context only.",Y,C,https://fortelabs.com/,"Sells own books ('Building a Second Brain', 'The PARA Method') and the 'BASB Foundation' / 'Pillars of Productivity' courses via buildingasecondbrain.com, all linked from homepage.",Y,C,https://fortelabs.com/,Paid Foundation course plus a free Circle community observed on homepage.,Y,C,https://fortelabs.com/,Homepage newsletter opt-in offering 'Top 10 All-Time Articles' as a lead magnet.,UNKNOWN,UNKNOWN,UNKNOWN,UNKNOWN,"No sitemap/index-count (or other automatable) content-scale proxy was collected during A0-Phase1/A0-Phase2 research -- this field was added to the production schema in this round without new research, per instruction to leave it UNKNOWN rather than backfill a guessed value."
zettelkasten.de,Zettelkasten Method (zettelkasten.de),"Zettelkasten note-taking method, 'The Archive' note-taking app",Productivity / PKM,UNKNOWN,2026-09-16,Narrow Niche Authority,MID,Y,D,,"Definitive, long-running reference site for the specific Zettelkasten method, run by co-authors of the reference book on the topic.",N,D,,Not a contrast case; growing traffic per Similarweb at lookup time.,NOT_APPLICABLE,,2013,D,,Exact launch date not stated on fetched pages; inferred from surrounding post dates and community history (Sascha Fast's biography post dated Dec 2014).,Similarweb,total visits,CONTENT_ONLY,105500,trailing_3_months,35167,"raw_3mo_total / 3, rounded to nearest integer",2026-09-16,Similarweb snapshot dated June 2026,B,https://www.similarweb.com/website/zettelkasten.de/,"Global rank #395,998, +11.58% MoM growth; notably high 3m24s average visit duration suggesting an engaged niche readership.",UNKNOWN,UNKNOWN,2026-09-16,UNKNOWN,,No revenue figures published or found.,N,C,https://zettelkasten.de/,No display ad units observed on homepage.,N,D,,"No affiliate links or disclosures observed; site's monetization is its own app and courses rather than third-party affiliate promotion, so N is inferred from absence of any affiliate signal across two fetches.",Y,C,https://zettelkasten.de/,"'The Archive' is the site's own commercial macOS note-taking app, with free trial, plugin ecosystem and theme directory observed directly on site.",Y,C,https://zettelkasten.de/,"Paid coursework and 1:1 coaching sessions observed on homepage, plus a free community forum (forum.zettelkasten.de).",Y,C,https://zettelkasten.de/,"Newsletter signup offering 'exclusive insights, advanced techniques, and early access to new tools' observed on homepage.",UNKNOWN,UNKNOWN,UNKNOWN,UNKNOWN,"No sitemap/index-count (or other automatable) content-scale proxy was collected during A0-Phase1/A0-Phase2 research -- this field was added to the production schema in this round without new research, per instruction to leave it UNKNOWN rather than backfill a guessed value."
linkingyourthinking.com,Linking Your Thinking (Nick Milo),"Obsidian-based personal knowledge management method ('LYT'), note-linking systems",Productivity / PKM,UNKNOWN,2026-09-16,Narrow Niche Authority,MID,Y,D,,"LYT is a specific, named PKM sub-methodology distinct from Zettelkasten/PARA, with deep authority inside the Obsidian community.",N,D,,"Not a contrast case; traffic surging per Similarweb at lookup time, consistent with a recently reported book deal.",NOT_APPLICABLE,,2020,B,https://medium.com/@nickmilo22/reflecting-on-the-age-of-the-linked-note-ff13945d6af4,"Per Nick Milo's own Medium retrospective, joined Obsidian beta April 2020, shared first 'LYT Kit' May 2020, first formal workshop July 2020.",Similarweb,total visits,CONTENT_ONLY,179900,trailing_3_months,59967,"raw_3mo_total / 3, rounded to nearest integer",2026-09-16,Similarweb snapshot dated August 2026,B,https://www.similarweb.com/website/linkingyourthinking.com/,"Global rank #170,471, +34.69% MoM surge -- plausibly related to a recently announced book deal found in search results.",UNKNOWN,UNKNOWN,2026-09-16,UNKNOWN,,"No revenue figures published; workshop/course prices ($129-$4,500) observed are list prices, not revenue.",N,C,https://linkingyourthinking.com/,No display ad units observed on homepage.,N,D,,"No affiliate links or disclosures observed on homepage; monetization is entirely own workshops/courses/software, so N is inferred from absence of any affiliate signal.",Y,C,https://linkingyourthinking.com/,"Sells own 'Ideaverse Pro' note-system product, 'LYT Workshop', 'Obsidian Flight School', 'Notemaking Mastery', 'Knowledge Accelerator', and 'Linking Your AI' -- multiple owned paid products observed directly on homepage.",Y,C,https://linkingyourthinking.com/,"LYT Workshop ($1,499-$4,500 incl. 12 months access) and a Discourse community for participants observed directly on site.",Y,C,https://linkingyourthinking.com/,Newsletter signup observed on homepage alongside podcast/YouTube channel links.,UNKNOWN,UNKNOWN,UNKNOWN,UNKNOWN,"No sitemap/index-count (or other automatable) content-scale proxy was collected during A0-Phase1/A0-Phase2 research -- this field was added to the production schema in this round without new research, per instruction to leave it UNKNOWN rather than backfill a guessed value."
43folders.com,43 Folders (Merlin Mann),"Getting Things Done (GTD) methodology, productivity/attention essays (historic)",Productivity / PKM,UNKNOWN,2026-09-16,Contrast Cohort,LOW,Y,D,,"Historically one of the original, most influential GTD/lifehacks blogs -- niche authority is a HISTORICAL designation here, independent of its current Contrast Cohort/shutdown status; demonstrates why is_niche_authority and sampling_stratum/is_contrast_case must be separate fields.",Y,C,https://www.similarweb.com/website/43folders.com/,"Directly observed: live domain now 302-redirects to a generic parking page ('This domain has no active website', noindex/nofollow) as of lookup. Independently, a 2008-era MetaFilter thread documents operator Merlin Mann publicly confirming a deliberate, sharp posting-frequency reduction starting ~Sept 2008.",shutdown,"cadence_drop documented from ~Sept 2008; full domain shutdown/parking directly confirmed as of 2026-09-16 lookup -- presented as reduced-cadence-then-total-shutdown, not a single-moment event.",2004,B,https://en.wikipedia.org/wiki/Merlin_Mann,"Widely documented (CBS News profile, Wikipedia, GTD forums) as launched by Merlin Mann in 2004/2005, one of the original GTD/lifehacks blogs.",Similarweb,total visits,CONTENT_ONLY,4000,trailing_3_months,1333,"raw_3mo_total / 3, rounded to nearest integer",2026-09-16,Similarweb snapshot dated August 2026,B,https://www.similarweb.com/website/43folders.com/,"Global rank #4,105,583, 58.36% MoM decrease -- consistent with a domain no longer actively hosting original content.",UNKNOWN,UNKNOWN,2026-09-16,UNKNOWN,,No monetization observed since the domain no longer serves original content.,N,C,https://www.43folders.com/,"Direct fetch of https://www.43folders.com/ returned a 302 redirect to a generic domain-parking page ('This domain has no active website', noindex/nofollow) -- no ads, content, or monetization elements present; the site as a content property no longer functionally exists.",N,C,https://www.43folders.com/,No affiliate links present; domain is parked.,UNKNOWN,UNKNOWN,UNKNOWN,"[fabrication-removal patch, 2026-09-17] Reverted to UNKNOWN: the 'no direct product sales even at its peak' claim was attributed to a MetaFilter Q&A thread, not a direct site observation -- the original C tier and homepage source_url did not match what the note actually described. Per the no-auto-backfill policy this module does not guess a source_url, and no new research was performed to locate the actual MetaFilter thread URL. Original finding preserved here as unverified context only.",N,C,https://43folders.com/,No course or community currently hosted on the parked domain.,N,C,https://43folders.com/,No newsletter signup present on the parked domain.,UNKNOWN,UNKNOWN,UNKNOWN,UNKNOWN,"No sitemap/index-count (or other automatable) content-scale proxy was collected during A0-Phase1/A0-Phase2 research -- this field was added to the production schema in this round without new research, per instruction to leave it UNKNOWN rather than backfill a guessed value."
zenhabits.net,Zen Habits (Leo Babauta),"Habit formation and simple living, with productivity/GTD roots (early archive)",Productivity / PKM,UNKNOWN,2026-09-16,Contrast Cohort,MID,Y,D,,"Time magazine 'Top 25 Blogs' in 2009 and 2010 -- historical niche/culture authority in the productivity-adjacent blogging scene, independent of its current declining-but-active Contrast Cohort status.",Y,B,https://www.similarweb.com/website/zenhabits.net/,Still active and still monetizing (not fully dead like 43folders.com) -- a milder contrast pattern than 43folders.com's total shutdown.,traffic_decline,"trailing 3 months ending ~August/September 2026 (Similarweb: global rank worsened #133,150 -> #142,017, -4.89% MoM at most recent reading); contrasted against 2009-2010 Time 'Top 25 Blogs' peak relevance (historically_declined as secondary context, not the quantified metric).",2007,B,https://en.wikipedia.org/wiki/Zen_Habits,Wikipedia's Zen Habits entry states the blog was established February 2007; named to Time's 'Top 25 Blogs' in 2009 and 2010.,Similarweb,total visits,CONTENT_ONLY,401000,trailing_3_months,133667,"raw_3mo_total / 3, rounded to nearest integer",2026-09-16,Similarweb snapshot dated August 2026,B,https://www.similarweb.com/website/zenhabits.net/,"Global rank #142,017, -4.89% MoM decrease; global rank itself worsened from #133,150 to #142,017 over the trailing 3 months -- a verified, tool-measured multi-month downward trend, not a single-month blip.",UNKNOWN,UNKNOWN,2026-09-16,UNKNOWN,,No specific revenue figures published or found; monetization is coaching/courses/books rather than disclosed income reports.,N,A,https://zenhabits.net/about/,"Leo Babauta states directly on the About page: 'I don't take guest posts, advertising, or requests to promote anything' -- an explicit operator self-statement that display ads are not run, hence tier A (operator self-published statement) rather than just observation.",UNKNOWN,UNKNOWN,,"The 'no advertising or promotion' statement addresses paid promotion/ads but does not explicitly rule out affiliate links; none were directly observed on the fetched About page, so left UNKNOWN rather than assumed N.",UNKNOWN,UNKNOWN,UNKNOWN,"[fabrication-removal patch, 2026-09-17] Reverted to UNKNOWN: original note said books and the 'Create the Life You Want' program were 'referenced on the About/books pages', not the homepage specifically; per the no-auto-backfill policy this module does not guess between /about and /books, and no new research was performed to identify the exact page. Original finding preserved here as unverified context only.",UNKNOWN,UNKNOWN,UNKNOWN,"[fabrication-removal patch, 2026-09-17] Reverted to UNKNOWN: 1-on-1 coaching and the Fearless Living Academy were 'observed on About page', not the homepage; per the no-auto-backfill policy this module does not substitute a homepage URL for a confirmed About-page observation without knowing its exact path, and no new research was performed to locate it. Original finding preserved here as unverified context only.",UNKNOWN,UNKNOWN,UNKNOWN,"[fabrication-removal patch, 2026-09-17] Reverted to UNKNOWN: newsletter signup was 'observed on About page', not the homepage; per the no-auto-backfill policy this module does not substitute a homepage URL for a confirmed About-page observation without knowing its exact path, and no new research was performed to locate it. Original finding preserved here as unverified context only.",UNKNOWN,UNKNOWN,UNKNOWN,UNKNOWN,"No sitemap/index-count (or other automatable) content-scale proxy was collected during A0-Phase1/A0-Phase2 research -- this field was added to the production schema in this round without new research, per instruction to leave it UNKNOWN rather than backfill a guessed value."
mrexcel.com,MrExcel Publishing / MrExcel Message Board,"Excel Q&A forum, tips, and books (Bill Jelen / ""Mr. Excel"")",Excel / Spreadsheet,UNKNOWN,2026-09-17,Large/Traffic Leader,MID,Y,B,https://www.mrexcel.com/meet-mrexcel/,"One of the oldest, most-cited Excel help forums; founder Bill Jelen widely known as ""Mr. Excel"".",N,D,UNKNOWN,No decline evidence found; treated as active Large/Traffic Leader.,NOT_APPLICABLE,,1998,A,https://www.mrexcel.com/,"Own site tagline: ""Excel Tips & Solutions Since 1998"".",Similarweb,total visits,CONTENT_ONLY,441700,trailing_3_months,147233,"raw_3mo_total / 3, rounded to nearest integer",2026-09-17,Similarweb snapshot dated August 2026,B,https://www.similarweb.com/website/mrexcel.com/,Traffic decreased 7.41% vs last month at time of lookup.,UNKNOWN,,2026-09-17,UNKNOWN,UNKNOWN,,Y,C,https://www.mrexcel.com/,"Merch/product banners and ""Featured Products"" observed on homepage.",UNKNOWN,UNKNOWN,UNKNOWN,Not verified this pass.,Y,C,https://www.mrexcel.com/,"Sells Bill Jelen's own books and the paid ""MrExcel Library"" knowledge base.",Y,C,https://www.mrexcel.com/,"Paid ""MrExcel Library"" (webinars/training) plus free forum community.",UNKNOWN,UNKNOWN,UNKNOWN,Not observed in fetched excerpt.,UNKNOWN,UNKNOWN,UNKNOWN,UNKNOWN,"No sitemap/index-count (or other automatable) content-scale proxy was collected during A0-Phase1/A0-Phase2 research -- this field was added to the production schema in this round without new research, per instruction to leave it UNKNOWN rather than backfill a guessed value."
excelforum.com,Excel Forum,Excel/VBA community Q&A forum,Excel / Spreadsheet,UNKNOWN,2026-09-17,Large/Traffic Leader,MID,Y,D,UNKNOWN,"Long-standing large general Excel help forum; inference from stated scale of traffic/signups, not a third-party ranking source.",N,D,UNKNOWN,No decline evidence found.,NOT_APPLICABLE,,UNKNOWN,UNKNOWN,UNKNOWN,"Own ""About Excel Forum"" page gives current stats only, no founding date found.",Similarweb,total visits,CONTENT_ONLY,231900,trailing_3_months,77300,"raw_3mo_total / 3, rounded to nearest integer",2026-09-17,Similarweb snapshot dated August 2026,B,https://www.similarweb.com/website/excelforum.com/,"Traffic decreased 12.97% vs last month. Note: the site's own about page separately claims ""~1500 signups and 1.5 million monthly visitors"" (https://www.excelforum.com/excel-new-users-basics/1166819-about-excel-forum.html, tier A, no period stated) which disagrees with Similarweb by roughly an order of magnitude -- flagged as a genuine discrepancy between self-reported and third-party-tool traffic, not resolved by picking one.",UNKNOWN,,2026-09-17,UNKNOWN,UNKNOWN,,UNKNOWN,UNKNOWN,UNKNOWN,Not directly observed this pass.,UNKNOWN,UNKNOWN,UNKNOWN,Not directly observed this pass.,N,D,UNKNOWN,Appears to be a pure community forum; no evidence of an own product found.,Y,C,https://www.excelforum.com/,The forum itself is the community/product.,UNKNOWN,UNKNOWN,UNKNOWN,,UNKNOWN,UNKNOWN,UNKNOWN,UNKNOWN,"No sitemap/index-count (or other automatable) content-scale proxy was collected during A0-Phase1/A0-Phase2 research -- this field was added to the production schema in this round without new research, per instruction to leave it UNKNOWN rather than backfill a guessed value."
excel-easy.com,Excel Easy,Free Excel tutorial site (beginner-to-intermediate),Excel / Spreadsheet,UNKNOWN,2026-09-17,Mid-scale Active Site,UNKNOWN,N,D,UNKNOWN,"General beginner tutorial site, not tied to one specific named sub-methodology.",N,D,UNKNOWN,"No verified contrast-pattern evidence (traffic decline, cadence drop, shutdown, etc.) was found for this site during this research pass; defaulted to N.",NOT_APPLICABLE,,2010,B,https://spreadsheeto.com/best-excel-blogs/,Launched by students at the University of Amsterdam per a third-party profile of founder Niels Weterings.,Similarweb,total visits (label ambiguous),CONTENT_ONLY,291500,UNKNOWN,UNKNOWN,Similarweb page did not clearly confirm whether 291.5K was a 3-month total or another metric; left un-normalized rather than guessing the period.,2026-09-17,Similarweb snapshot dated June 2026,B,https://www.similarweb.com/website/excel-easy.com/,"Site itself separately states ""Join more than 1 million monthly learners"" (tier A, no period specified, https://www.excel-easy.com/) -- not reconciled with the Similarweb figure.",UNKNOWN,,2026-09-17,UNKNOWN,UNKNOWN,,N,D,UNKNOWN,None observed in a partial fetched excerpt; not an exhaustive audit.,UNKNOWN,UNKNOWN,UNKNOWN,,UNKNOWN,UNKNOWN,UNKNOWN,No product/course found in fetched excerpt.,UNKNOWN,UNKNOWN,UNKNOWN,,UNKNOWN,UNKNOWN,UNKNOWN,,UNKNOWN,UNKNOWN,UNKNOWN,UNKNOWN,"No sitemap/index-count (or other automatable) content-scale proxy was collected during A0-Phase1/A0-Phase2 research -- this field was added to the production schema in this round without new research, per instruction to leave it UNKNOWN rather than backfill a guessed value."
automateexcel.com,Automate Excel,"VBA/macro automation tutorials, formula guides, own add-in products",Excel / Spreadsheet,UNKNOWN,2026-09-17,Mid-scale Active Site,MID,N,D,UNKNOWN,"Broad VBA/formula tutorial site plus tool vendor, not a single-topic authority.",N,D,UNKNOWN,"No verified contrast-pattern evidence (traffic decline, cadence drop, shutdown, etc.) was found for this site during this research pass; defaulted to N.",NOT_APPLICABLE,,2004,A,https://www.automateexcel.com/about/,"Founded by Mark Wielgus in 2004; acquired by Steve Rynearson in 2016, per own About page.",Similarweb,total visits,CONTENT_ONLY,218500,trailing_3_months,72833,"raw_3mo_total / 3, rounded to nearest integer",2026-09-17,Similarweb snapshot dated June 2026,B,https://www.similarweb.com/website/automateexcel.com/competitors/,,UNKNOWN,,2026-09-17,UNKNOWN,UNKNOWN,,N,C,https://www.automateexcel.com/,None observed on homepage fetch.,UNKNOWN,UNKNOWN,UNKNOWN,No disclosure observed in fetched content.,Y,A,https://www.automateexcel.com/about/,"Sells ""AutoMacro"" (VBA editor/automation add-in, launched 2017, relaunched 2023).",Y,A,https://www.automateexcel.com/about/,"""Spreadsheet Boot Camp"" interactive training.",UNKNOWN,UNKNOWN,UNKNOWN,Not observed in fetched excerpt.,UNKNOWN,UNKNOWN,UNKNOWN,UNKNOWN,"No sitemap/index-count (or other automatable) content-scale proxy was collected during A0-Phase1/A0-Phase2 research -- this field was added to the production schema in this round without new research, per instruction to leave it UNKNOWN rather than backfill a guessed value."
coefficient.io,Coefficient (blog),SaaS company blog -- live data connector for Excel/Google Sheets; content covers spreadsheet/BI best practices,Excel / Spreadsheet,UNKNOWN,2026-09-17,Mid-scale Active Site,UNKNOWN,N,D,UNKNOWN,"A vendor blog, not an independent content authority.",N,D,UNKNOWN,"Flagged instead as an important traffic_scope caveat case (SaaS blog vs. whole-domain traffic), not a contrast pattern.",NOT_APPLICABLE,,UNKNOWN,UNKNOWN,UNKNOWN,Not found this pass.,Similarweb,total visits,WHOLE_DOMAIN_INCLUDES_PRODUCT,161000,trailing_3_months,53667,"raw_3mo_total / 3, rounded to nearest integer",2026-09-17,Similarweb snapshot dated June 2026,B,https://www.similarweb.com/website/coefficient.io/,"coefficient.io is the primary marketing/product domain, not a separated content-only property, so this figure includes product-page and marketing traffic, not just blog content. Traffic decreased 0.37% vs last month.",UNKNOWN,,2026-09-17,UNKNOWN,UNKNOWN,,N,D,UNKNOWN,SaaS company blog; no display ads observed.,UNKNOWN,UNKNOWN,UNKNOWN,,Y,A,https://coefficient.io/blog,Coefficient itself is the product (no-code data platform connecting live business data to Sheets/Excel).,UNKNOWN,UNKNOWN,UNKNOWN,,UNKNOWN,UNKNOWN,UNKNOWN,,UNKNOWN,UNKNOWN,UNKNOWN,UNKNOWN,"No sitemap/index-count (or other automatable) content-scale proxy was collected during A0-Phase1/A0-Phase2 research -- this field was added to the production schema in this round without new research, per instruction to leave it UNKNOWN rather than backfill a guessed value."
powerpivotpro.com,PowerPivotPro (Rob Collie / P3 Adaptive),"Narrow niche authority for Power Pivot, DAX, and Power BI-in-Excel",Excel / Spreadsheet,UNKNOWN,2026-09-17,Narrow Niche Authority,UNKNOWN,Y,B,https://www.myexcelonline.com/podcast/016-excel-power-pivot-with-rob-collie-from-powerpivotpro/,"Rob Collie is the ex-Microsoft Power Pivot program manager; site is widely regarded as the original evangelism hub for Power Pivot/DAX, per multiple podcast interviews.",N,D,UNKNOWN,"Very sparse Similarweb data suggests low current measured traffic despite long history and strong reputation -- borders on low_traction_despite_age, but not enough independent confirmation to assert with confidence, so left N rather than overclaiming.",NOT_APPLICABLE,,2010,C,https://powerpivotpro.com/2010/03/the-great-broken-links/,"My own observation of a dated archived post URL confirms the blog existed by March 2010; exact launch date not confirmed, treated as a lower bound.",Similarweb,total visits,CONTENT_ONLY,UNKNOWN,,UNKNOWN,,2026-09-17,Similarweb snapshot dated August 2026,UNKNOWN,https://www.similarweb.com/website/powerpivotpro.com/,"Similarweb page returned blank/dash placeholders for all metrics (""insufficient data"" state); numeric value left UNKNOWN rather than guessed.",UNKNOWN,,2026-09-17,UNKNOWN,UNKNOWN,,UNKNOWN,UNKNOWN,UNKNOWN,Not directly observed this pass.,UNKNOWN,UNKNOWN,UNKNOWN,,Y,B,https://www.amazon.com/dp/1615470395,"Rob Collie's company P3 Adaptive sells consulting/training built around this brand; also publishes the ""Power Pivot and Power BI"" book.",Y,A,https://p3adaptive.com/2014/01/what-is-power-pivots-1-competitor/,"""P3 Adaptive University"" training, per Rob Collie's own statement.",UNKNOWN,UNKNOWN,UNKNOWN,,UNKNOWN,UNKNOWN,UNKNOWN,UNKNOWN,"No sitemap/index-count (or other automatable) content-scale proxy was collected during A0-Phase1/A0-Phase2 research -- this field was added to the production schema in this round without new research, per instruction to leave it UNKNOWN rather than backfill a guessed value."
benlcollins.com,Ben Collins (benlcollins.com),Narrow niche authority for Google Sheets and Google Apps Script,Excel / Spreadsheet,UNKNOWN,2026-09-17,Narrow Niche Authority,MID,Y,B,https://growthinreverse.com/ben-collins/,"One of the most widely cited independent Google Sheets/Apps Script educators, corroborated by a third-party creator profile.",N,D,UNKNOWN,"No verified contrast-pattern evidence (traffic decline, cadence drop, shutdown, etc.) was found for this site during this research pass; defaulted to N.",NOT_APPLICABLE,,2015,A,https://www.benlcollins.com/about/,"Operator's own about page: ""wrote my first blog post about building dashboards in Google Sheets... in 2015"".",Similarweb,total visits,CONTENT_ONLY,145400,trailing_3_months,48467,"raw_3mo_total / 3, rounded to nearest integer",2026-09-17,Similarweb snapshot dated June 2026,B,https://www.similarweb.com/website/benlcollins.com/,,UNKNOWN,"per a Medium interview, exact date unconfirmed, likely several years old",2026-09-17,UNKNOWN,UNKNOWN,"Operator quoted directly in a third-party interview (https://medium.com/the-business-of-content/this-google-spreadsheets-guru-makes-4-000-a-month-on-online-courses-bcda90ddd9e1, tier A): ""$3,500 to $4,000 worth of online courses a month"" recurring, plus ""just shy of $8,000"" in a single launch week from 89 sales. Treated as historical, not current. [pre-950 hardening] revenue_value normalized to UNKNOWN per the Study A revenue-field policy: a compound/range figure spanning an unconfirmed historical period is not a single structured revenue_value -- preserved here in revenue_note only.",N,D,UNKNOWN,No display ads noted; site is course/newsletter-monetized.,UNKNOWN,UNKNOWN,UNKNOWN,Searched for disclosure but did not find a confirming source this pass.,Y,A,https://www.benlcollins.com/about/,"""The Collins School of Data"" -- multiple paid courses (Modern Google Sheets, Sheets Insiders membership, Apps Script, QUERY function, Lambda functions, etc.).",Y,A,https://www.benlcollins.com/about/,"""Sheets Insiders"" paid membership plus multiple paid courses.",Y,A,https://www.benlcollins.com/about/,"""Future Proof"" newsletter, stated 40,000+ subscribers.",UNKNOWN,UNKNOWN,UNKNOWN,UNKNOWN,"No sitemap/index-count (or other automatable) content-scale proxy was collected during A0-Phase1/A0-Phase2 research -- this field was added to the production schema in this round without new research, per instruction to leave it UNKNOWN rather than backfill a guessed value."
excelxor.com,"EXCELXOR (author ""XOR LX"")",Narrow niche authority for advanced pure-worksheet-formula techniques in Excel (deliberately VBA-free),Excel / Spreadsheet,UNKNOWN,2026-09-17,Narrow Niche Authority,UNKNOWN,Y,B,https://spreadsheeto.com/best-excel-blogs/,"Widely cited among Excel formula specialists as an advanced formulas-only resource, listed among top Excel blogs.",UNKNOWN,UNKNOWN,UNKNOWN,"A reader comment thread found via search implies encouragement to ""resume blogging"" (possible cadence drop), but no exact date range for a slowdown could be confirmed -- not confident enough to assert as a contrast case, so left UNKNOWN rather than guessed Y or N.",NOT_APPLICABLE,,UNKNOWN,UNKNOWN,UNKNOWN,Could not confirm an exact founding year this pass.,Similarweb,total visits,CONTENT_ONLY,UNKNOWN,,UNKNOWN,,2026-09-17,Similarweb snapshot dated August 2026,UNKNOWN,https://www.similarweb.com/website/excelxor.com/,"Similarweb page returned no numeric total-visits figure (dashes/blank, ""insufficient data"" state).",UNKNOWN,,2026-09-17,UNKNOWN,UNKNOWN,,UNKNOWN,UNKNOWN,UNKNOWN,,UNKNOWN,UNKNOWN,UNKNOWN,,N,D,UNKNOWN,No product found; appears purely educational.,UNKNOWN,UNKNOWN,UNKNOWN,,UNKNOWN,UNKNOWN,UNKNOWN,,UNKNOWN,UNKNOWN,UNKNOWN,UNKNOWN,"No sitemap/index-count (or other automatable) content-scale proxy was collected during A0-Phase1/A0-Phase2 research -- this field was added to the production schema in this round without new research, per instruction to leave it UNKNOWN rather than backfill a guessed value."
ozgrid.com,OzGrid Business Applications,"Excel/VBA help, forum, templates, consulting",Excel / Spreadsheet,UNKNOWN,2026-09-17,Contrast Cohort,UNKNOWN,Y,B,https://excelfox.com/forum/showthread.php/1157-Ozgrid-Website-Owner-and-Excel-Hacks-Author-Dave-Hawley-Passed-Away,"One of the oldest independent Excel/VBA communities; co-founder Dave Hawley co-authored ""Excel Hacks"" and was well known in the Excel MVP community.",Y,A,https://ozgrid.com/,"Co-founder Dave Hawley passed away in 2014, per OzGrid's own about page. Corroborated by two independent third-party forum threads reporting the OzGrid forum component closed effective 18 November 2025 (https://www.excelforum.com/the-water-cooler/1437775-ozgrid-is-retiring-effective-november-18-a.html, https://www.excelfox.com/forum/showthread.php/3047-quot-Ozgrid-quot-(Ozgrid-Forum)-Closed-on-Tuesday-18-November-2025). This is the forum/community component closing, not necessarily the entire ozgrid.com content site, which appeared still live.",cadence_drop,Founder passed away 2014 (per own about page); forum component confirmed closed as of 18 Nov 2025 per two independent third-party forum posts.,2000,A,https://ozgrid.com/,"Own about page: ""founded by husband and wife team, Dave and Raina Hawley in 2000"".",Similarweb,total visits,CONTENT_ONLY,UNKNOWN,,UNKNOWN,,2026-09-17,Similarweb snapshot dated July 2026,UNKNOWN,https://www.similarweb.com/website/ozgrid.com/,"Similarweb page shows no explicit visit-count number (dashes for engagement metrics, ""0% change vs last month"" stated).",UNKNOWN,,2026-09-17,UNKNOWN,UNKNOWN,,UNKNOWN,UNKNOWN,UNKNOWN,,UNKNOWN,UNKNOWN,UNKNOWN,,Y,A,https://ozgrid.com/,Sells VBA/Excel consulting and templates per own homepage.,Y,A,https://ozgrid.com/,Long-running free forum (component reported closed Nov 2025 -- see is_contrast_case).,UNKNOWN,UNKNOWN,UNKNOWN,,UNKNOWN,UNKNOWN,UNKNOWN,UNKNOWN,"No sitemap/index-count (or other automatable) content-scale proxy was collected during A0-Phase1/A0-Phase2 research -- this field was added to the production schema in this round without new research, per instruction to leave it UNKNOWN rather than backfill a guessed value."
spreadsheetpage.com,The Spreadsheet Page,Excel templates/tips resource; historically associated with Excel author John Walkenbach,Excel / Spreadsheet,UNKNOWN,2026-09-17,Contrast Cohort,UNKNOWN,UNKNOWN,UNKNOWN,UNKNOWN,"Ambiguous given an apparent ownership change (Walkenbach listed only as a contributing ""writer"" currently, not credited founder in fetched content); current authority status not confirmed.",Y,C,https://spreadsheetpage.com/blog/,"The site's own blog index page carries an HTML meta tag article:modified_time = 2020-07-08T08:25:28+00:00 (my own direct observation of page metadata), indicating the blog listing had not been meaningfully updated in roughly 5-6 years as of 2026. Combined with an extreme +402.4% MoM traffic swing reported by Similarweb (typical of a very-low-traffic site where small absolute changes produce large percentage swings). ""Historically strong"" is unconfirmed; the stale/declined-cadence part is the solid finding.",cadence_drop,Blog index page article:modified_time metadata = 2020-07-08; Similarweb June 2026 snapshot showed a +402.4% MoM swing consistent with a very low current baseline.,2006,A,https://spreadsheetpage.com/about/,"Own about page: ""Started as a hobby site in 2006, The Spreadsheet Page grew to be one of the most popular excel template resources"". Historical Walkenbach connection unverified this pass.",Similarweb,total visits,CONTENT_ONLY,UNKNOWN,,UNKNOWN,,2026-09-17,Similarweb snapshot dated June 2026,UNKNOWN,https://www.similarweb.com/website/spreadsheetpage.com/,"Page did not display a numeric total-visits figure but stated a 402.4% increase vs previous month, 38.77% bounce rate, 1.79 pages/visit -- numeric total left UNKNOWN rather than guessed.",UNKNOWN,,2026-09-17,UNKNOWN,UNKNOWN,,UNKNOWN,UNKNOWN,UNKNOWN,,UNKNOWN,UNKNOWN,UNKNOWN,,Y,A,https://spreadsheetpage.com/about/,"Described as an ""excel template resource"".",UNKNOWN,UNKNOWN,UNKNOWN,,UNKNOWN,UNKNOWN,UNKNOWN,,UNKNOWN,UNKNOWN,UNKNOWN,UNKNOWN,"No sitemap/index-count (or other automatable) content-scale proxy was collected during A0-Phase1/A0-Phase2 research -- this field was added to the production schema in this round without new research, per instruction to leave it UNKNOWN rather than backfill a guessed value."
financialsamurai.com,Financial Samurai,"Early retirement/FIRE, real estate, investing, career negotiation",Personal Finance,UNKNOWN,2026-09-17,Large/Traffic Leader,MID,N,D,UNKNOWN,"Broad personal finance/FIRE generalist, not a single sub-methodology authority.",N,D,UNKNOWN,"No verified contrast-pattern evidence (traffic decline, cadence drop, shutdown, etc.) was found for this site during this research pass; defaulted to N.",NOT_APPLICABLE,,2009,A,https://www.financialsamurai.com/about/,"Own about page states ""Year Started: 2009"".",Similarweb,total visits,CONTENT_ONLY,239200,trailing_3_months,79733,"raw_3mo_total / 3, rounded to nearest integer",2026-09-17,Similarweb snapshot dated ~May-Jul 2026,B,https://www.similarweb.com/website/financialsamurai.com/,"Site also self-reports ""~550,000 organic pageviews/month"" and historically ""1.5 million organic pageviews/month"" (tier A, https://www.financialsamurai.com/how-much-do-bloggers-make-a-lot-more-than-you-think/), not reconciled with the Similarweb figure.",UNKNOWN,"various, dated (2019-era post)",2026-09-17,UNKNOWN,UNKNOWN,"Partial self-reported figures found (book ""$4,000-5,000/month"", one sponsored post ""$30,000"", consulting once ""$30,000/month"", all historical/dated) but no comprehensive current site-revenue total disclosed -- overall figure left UNKNOWN rather than assembled from fragments. Source: https://www.financialsamurai.com/how-much-do-bloggers-make-a-lot-more-than-you-think/ (tier A for the fragments themselves). [pre-950 hardening] revenue_value normalized to a clean UNKNOWN (was previously the descriptive string ""UNKNOWN (only partial historical figures found)"") per the Study A revenue-field policy: revenue_value must be either a single structured figure or exactly UNKNOWN, never a hybrid value+explanation string -- the explanation stays here in revenue_note.",Y,A,https://www.financialsamurai.com/about/,Works with CafeMedia per own About page.,Y,A,https://www.financialsamurai.com/about/,"Fundrise, Empower, Policygenius, Amazon Associates disclosed.",Y,A,https://www.financialsamurai.com/about/,"3 published books plus ""How to Engineer Your Layoff"" ebook (6th ed.).",N,A,https://www.financialsamurai.com/about/,No paid course/community found; free podcast/newsletter only.,Y,A,https://www.financialsamurai.com/about/,"""60,000+ subscribers"" free weekly newsletter.",UNKNOWN,UNKNOWN,UNKNOWN,UNKNOWN,"No sitemap/index-count (or other automatable) content-scale proxy was collected during A0-Phase1/A0-Phase2 research -- this field was added to the production schema in this round without new research, per instruction to leave it UNKNOWN rather than backfill a guessed value."
getrichslowly.org,Get Rich Slowly,"General personal finance, budgeting, debt payoff",Personal Finance,UNKNOWN,2026-09-17,Large/Traffic Leader,UNKNOWN,N,D,UNKNOWN,Generalist personal-finance site.,Y,A,https://www.getrichslowly.org/how-and-why-i-sold-get-rich-slowly/,"Site was sold to QuinStreet in 2009, later resold back to founder J.D. Roth; own post explicitly discusses this ownership churn. Still appears to publish currently, so this is an ownership-churn/historically_declined contrast rather than a shutdown.",historically_declined,"Sold 2009 (QuinStreet), later reacquired by founder J.D. Roth; per operator's own retrospective post.",2006,A,https://www.getrichslowly.org/how-and-why-i-sold-get-rich-slowly/,Founder's own post gives the founding date as 2006-04-15.,Similarweb,total visits,CONTENT_ONLY,UNKNOWN,,UNKNOWN,,2026-09-17,Similarweb snapshot dated July 2026,UNKNOWN,https://www.similarweb.com/website/getrichslowly.org/,"A clean single ""Total Visits Last 3 Months"" number could not be reliably extracted from the fetched summary (only an ambiguous ""47.3K"" comparison figure appeared) -- left UNKNOWN rather than reporting a possibly-wrong number.",UNKNOWN,,2026-09-17,UNKNOWN,UNKNOWN,"2009 sale price to QuinStreet explicitly withheld by NDA per founder's own post (""Because of the NDA, I can't give a number, not even a fake one"").",Y,A,https://www.getrichslowly.org/privacy-policy/,"Uses Mediavine for programmatic ads, per own Privacy Policy.",Y,A,https://www.getrichslowly.org/privacy-policy/,"""financial relationships with some of the merchants... mentioned on this blog"".",N,A,https://www.getrichslowly.org/,"About page explicitly states no hard-sell products; free ""Money Boss Manifesto"" is a lead magnet, not a paid product.",Y,A,https://www.getrichslowly.org/,"Active member forum (""The Get Rich Slowly Forum""); paid status of the forum itself is UNKNOWN, treated as Y for community existing.",Y,A,https://www.getrichslowly.org/,"""GRS Insider"" newsletter.",UNKNOWN,UNKNOWN,UNKNOWN,UNKNOWN,"No sitemap/index-count (or other automatable) content-scale proxy was collected during A0-Phase1/A0-Phase2 research -- this field was added to the production schema in this round without new research, per instruction to leave it UNKNOWN rather than backfill a guessed value."
whitecoatinvestor.com,The White Coat Investor,Personal finance for physicians/medical professionals,Personal Finance,UNKNOWN,2026-09-17,Narrow Niche Authority,MID,Y,B,https://www.acep.org/life-as-a-physician/career-center/white-coat-investor,"Widely recognized (including by ACEP, the American College of Emergency Physicians) as the definitive physician-finance resource.",N,D,UNKNOWN,"No verified contrast-pattern evidence (traffic decline, cadence drop, shutdown, etc.) was found for this site during this research pass; defaulted to N.",NOT_APPLICABLE,,2011,A,https://www.whitecoatinvestor.com/about/,Own About page and corroborating third-party bios (e.g. ACEP) both state 2011.,Similarweb,total visits,CONTENT_ONLY,578900,trailing_3_months,192967,"raw_3mo_total / 3, rounded to nearest integer",2026-09-17,Similarweb snapshot dated ~June 2026,B,https://www.similarweb.com/website/whitecoatinvestor.com/,"Traffic decreased 5.17% vs last month at time of lookup. Site also runs wcicourses.com and a conference as separate properties, but whitecoatinvestor.com itself is the blog/content domain.",UNKNOWN,,2026-09-17,UNKNOWN,UNKNOWN,"Author explicitly states in a 2019 ""State of the Blog"" post that he stopped publishing specific revenue figures for privacy/competitive reasons; growth metrics (11.1M pageviews, 1.97M unique visitors in 2018) are disclosed (tier A) but not a revenue total. Source: https://www.whitecoatinvestor.com/state-of-the-blog-2019/",Y,A,https://www.whitecoatinvestor.com/about/,"""advertiser and affiliate partnerships"" managed by a Director of Sales, per own About page.",Y,A,https://www.whitecoatinvestor.com/about/,"""Recommended"" section connects readers to vetted financial pros/services; affiliate partnerships disclosed.",Y,A,https://www.whitecoatinvestor.com/about/,"Books, merchandise, and annual conference (WCICON).",Y,A,https://www.whitecoatinvestor.com/about/,"Paid courses via wcicourses.com (""Fire Your Financial Advisor"", CME courses), plus Facebook group/forum community.",Y,A,https://www.whitecoatinvestor.com/about/,Monthly newsletter plus daily post subscription.,UNKNOWN,UNKNOWN,UNKNOWN,UNKNOWN,"No sitemap/index-count (or other automatable) content-scale proxy was collected during A0-Phase1/A0-Phase2 research -- this field was added to the production schema in this round without new research, per instruction to leave it UNKNOWN rather than backfill a guessed value."
themilitarywallet.com,The Military Wallet,Military/veteran personal finance and benefits,Personal Finance,UNKNOWN,2026-09-17,Narrow Niche Authority,MID,Y,B,https://veteranonthemove.com/ryan-guina/,"Long-standing, widely cited as a top military-finance resource; founder Ryan Guina interviewed on multiple military-finance podcasts/associations.",N,D,UNKNOWN,"No verified contrast-pattern evidence (traffic decline, cadence drop, shutdown, etc.) was found for this site during this research pass; defaulted to N.",NOT_APPLICABLE,,UNKNOWN,UNKNOWN,UNKNOWN,"Precise launch year for the current domain/brand not confirmed this pass; founder's earlier related site (""Cash Money Life"") predates it, but exact rebrand/launch year could not be verified with a real source.",Similarweb,total visits,CONTENT_ONLY,174000,trailing_3_months,58000,"raw_3mo_total / 3, rounded to nearest integer",2026-09-17,Similarweb snapshot dated ~July 2026,B,https://www.similarweb.com/website/themilitarywallet.com/,Traffic increased 6.39% vs last month at time of lookup.,UNKNOWN,,2026-09-17,UNKNOWN,UNKNOWN,,Y,A,https://themilitarywallet.com/about/,"""may receive compensation through advertising placements"" per own About page.",Y,A,https://themilitarywallet.com/about/,"""corporate affiliate"" partner relationships disclosed.",UNKNOWN,UNKNOWN,UNKNOWN,None found on About page.,UNKNOWN,UNKNOWN,UNKNOWN,None found.,Y,A,https://themilitarywallet.com/about/,"Weekly email signup (""Weekly wisdom you can read in 5 minutes"").",UNKNOWN,UNKNOWN,UNKNOWN,UNKNOWN,"No sitemap/index-count (or other automatable) content-scale proxy was collected during A0-Phase1/A0-Phase2 research -- this field was added to the production schema in this round without new research, per instruction to leave it UNKNOWN rather than backfill a guessed value."
dividendgrowthinvestor.com,Dividend Growth Investor,Dividend growth investing strategy (narrow investing sub-methodology),Personal Finance,UNKNOWN,2026-09-17,Narrow Niche Authority,UNKNOWN,Y,B,https://bloggers.feedspot.com/dividend_blogs/,"One of the longest-running, most-cited sites specifically for the ""dividend growth investing"" strategy; appears in dividend-blog roundups and is referenced by other DGI bloggers.",N,D,UNKNOWN,Long-running but no evidence of decline found; appears to still be actively monetizing via a paid newsletter.,NOT_APPLICABLE,,2008,A,https://www.dividendgrowthinvestor.com/2018/01/investing-lessons-learned-from-ten.html,"Author's own post states ""Today marks the 15th birthday of the Dividend Growth Investor blog"" (dated Jan 2023, implying 2008 start); footer copyright also reads 2008-2023.",Similarweb,global rank change only,CONTENT_ONLY,UNKNOWN,,UNKNOWN,,2026-09-17,"Similarweb snapshot, lookup 2026-09-17",UNKNOWN,https://www.similarweb.com/website/dividendgrowthinvestor.com/,"Only global-rank change was legible (rank improved ~2.7M to ~2.4M over 3 months, ""Last Month Change: 35.32%""); no clean absolute visits total extracted -- left UNKNOWN. Rank in the 2-3 million range indicates a genuinely small/niche site.",UNKNOWN,,2026-09-17,UNKNOWN,UNKNOWN,,Y,C,https://www.dividendgrowthinvestor.com/p/dividend-growth-investor-newsletter.html,Page metadata shows a Google AdSense host-account tag on the newsletter page (direct technical observation).,UNKNOWN,UNKNOWN,UNKNOWN,Not directly confirmed in fetched content.,Y,A,https://www.dividendgrowthinvestor.com/p/dividend-growth-investor-newsletter.html,Paid newsletter ($7/month or $75/year) offering a model dividend portfolio.,N,D,UNKNOWN,"Product is a newsletter, not a course/community.",Y,A,https://www.dividendgrowthinvestor.com/p/dividend-growth-investor-newsletter.html,Paid newsletter tier confirmed; free capture likely but not separately confirmed.,UNKNOWN,UNKNOWN,UNKNOWN,UNKNOWN,"No sitemap/index-count (or other automatable) content-scale proxy was collected during A0-Phase1/A0-Phase2 research -- this field was added to the production schema in this round without new research, per instruction to leave it UNKNOWN rather than backfill a guessed value."
frugalwoods.com,Frugalwoods,"Extreme frugality + FIRE, homesteading lifestyle",Personal Finance,UNKNOWN,2026-09-17,Mid-scale Active Site,UNKNOWN,N,D,UNKNOWN,Well-known FIRE/frugality blog but not tied to one specific named sub-methodology beyond general extreme frugality.,N,D,UNKNOWN,"9-year retrospective shows continued active publishing (718 posts by 2023), no evidence of decline.",NOT_APPLICABLE,,2014,A,https://frugalwoods.com/2023/04/07/reflecting-on-nine-years-of-frugalwoods/,"Self-stated: ""When I started Frugalwoods on April 9, 2014, I had just turned 30"".",Similarweb,total visits (ambiguous),CONTENT_ONLY,UNKNOWN,,UNKNOWN,,2026-09-17,"Similarweb snapshot, lookup 2026-09-17",UNKNOWN,https://www.similarweb.com/website/frugalwoods.com/,"Only an ambiguous ""14K"" comparison figure surfaced with no clear period label -- left UNKNOWN rather than reporting a possibly-wrong number.",UNKNOWN,,2026-09-17,UNKNOWN,UNKNOWN,"No income figures disclosed; monetizes via ""financial consulting"" services and book sales, no dollar figures found.",N,A,https://frugalwoods.com/recommendations/,"Explicit operator statement: ""Ever wonder why you don't see ads here on Frugalwoods? That's because... I refuse to promote crap"" -- rare explicit negative confirmation.",Y,A,https://frugalwoods.com/recommendations/,"Explicit disclosure: ""Frugalwoods will receive some cash money if you sign up... using my links"".",Y,A,https://frugalwoods.com/about/,"Book ""Meet the Frugalwoods""; paid ""Hire Me"" financial consulting.",Y,A,https://frugalwoods.com/about/,"Free ""Uber Frugal Month Challenge"" lead magnet plus paid 1:1 financial consulting; no group course/paid community confirmed.",Y,A,https://frugalwoods.com/about/,"""Join my Email List"" on About page.",UNKNOWN,UNKNOWN,UNKNOWN,UNKNOWN,"No sitemap/index-count (or other automatable) content-scale proxy was collected during A0-Phase1/A0-Phase2 research -- this field was added to the production schema in this round without new research, per instruction to leave it UNKNOWN rather than backfill a guessed value."
esimoney.com,ESI Money,"Millionaire wealth-building interviews, FI through ""Earn-Save-Invest"" framework",Personal Finance,UNKNOWN,2026-09-17,Mid-scale Active Site,UNKNOWN,Y,B,https://www.physicianonfire.com/esimoney/,"Recognized as THE go-to source for its specific ""Millionaire Interview"" series format (400+ interviews); format widely referenced/reused by other FI bloggers.",N,D,UNKNOWN,"No verified contrast-pattern evidence (traffic decline, cadence drop, shutdown, etc.) was found for this site during this research pass; defaulted to N.",NOT_APPLICABLE,,2016,A,https://esimoney.com/about/,"Own About page: ""I started ESI Money shortly before I retired"" (retirement occurred fall 2016, confirmed via a separate own post ""I Retired!!!"").",Similarweb,total visits (ambiguous),CONTENT_ONLY,UNKNOWN,,UNKNOWN,,2026-09-17,"Similarweb snapshot, lookup 2026-09-17",UNKNOWN,https://www.similarweb.com/website/esimoney.com/,"Numbers were not cleanly extractable (""21.2K"" appeared as an ambiguous/placeholder figure); ""traffic increased by 28.67% month-over-month"" was legible -- absolute visits left UNKNOWN.",UNKNOWN,,2026-09-17,UNKNOWN,UNKNOWN,,N,C,https://esimoney.com/,Not observed on homepage fetch (not exhaustive).,Y,C,https://esimoney.com/,"Amazon affiliate tracking tags observed in links (e.g. ""tag=wealio-20"").",UNKNOWN,UNKNOWN,UNKNOWN,No standalone product found beyond the paid community below.,Y,A,https://esimoney.com/introducing-the-millionaire-money-mentors/,"""Millionaire Money Mentors"" paid membership community with mentors, forums, book club; confirmed paid via stated sale/intro-rate promos.",Y,A,https://esimoney.com/,"""email series"" signup.",UNKNOWN,UNKNOWN,UNKNOWN,UNKNOWN,"No sitemap/index-count (or other automatable) content-scale proxy was collected during A0-Phase1/A0-Phase2 research -- this field was added to the production schema in this round without new research, per instruction to leave it UNKNOWN rather than backfill a guessed value."
budgetsaresexy.com,Budgets Are Sexy,"General personal finance/budgeting, blogging-business commentary",Personal Finance,UNKNOWN,2026-09-17,Contrast Cohort,UNKNOWN,N,D,UNKNOWN,General PF blog; founder also created Rockstar Finance (a related but separate PF blog directory).,Y,A,https://budgetsaresexy.com/j-money-is-back/,"Site was sold to The Motley Fool in 2019, went dormant/steward-only for ~3 years; founder explicitly states upon his 2022 return that ""traffic/readership have dropped precipitously"" during the gap.",shutdown,"Sold 2019, dormant/steward-managed ~2019-2022, founder's own 2022 return post states traffic/readership dropped precipitously during that gap.",2008,A,https://budgetsaresexy.com/about/,"Own About page: ""back in 2008 in my 20s"" (stated Feb 2008).",Similarweb,total visits (ambiguous),CONTENT_ONLY,UNKNOWN,,UNKNOWN,,2026-09-17,"Similarweb snapshot, lookup 2026-09-17",UNKNOWN,https://www.similarweb.com/website/budgetsaresexy.com/,"Only an ambiguous ""65.2K"" comparison figure surfaced with unclear period -- left UNKNOWN.",UNKNOWN,,2026-09-17,UNKNOWN,UNKNOWN,"No dollar figures found, though ""30,000,000+ views"" and ""130,000+ comments"" lifetime engagement stats are disclosed on own About page (tier A) -- these are engagement stats, not revenue.",Y,A,https://budgetsaresexy.com/about/,"Self-stated: ""advertisers started showing up and asking if they can give me money to display an ad"".",Y,A,https://budgetsaresexy.com/about/,Affiliate links to apps/books/investing platforms confirmed on own About page.,UNKNOWN,UNKNOWN,UNKNOWN,No distinct product found beyond services below.,Y,A,https://budgetsaresexy.com/about/,"""blog coaching, fintech coaching, and speaking services"" offered.",Y,A,https://budgetsaresexy.com/about/,Weekly Friday newsletter.,UNKNOWN,UNKNOWN,UNKNOWN,UNKNOWN,"No sitemap/index-count (or other automatable) content-scale proxy was collected during A0-Phase1/A0-Phase2 research -- this field was added to the production schema in this round without new research, per instruction to leave it UNKNOWN rather than backfill a guessed value."
consumerismcommentary.com,Consumerism Commentary,General personal finance/consumer finance commentary,Personal Finance,UNKNOWN,2026-09-17,Contrast Cohort,UNKNOWN,N,D,UNKNOWN,"Site's own recorded primary_niche is general personal finance/consumer finance commentary, not a specific named sub-niche, and the domain is now shut down (contrast_pattern=shutdown) -- neither is consistent with being a current niche authority.",Y,C,https://robberger.com/welcome-consumerism-commentary-and-five-cent-nickel-readers/,"Currently 302-redirects to a page where owner Rob Berger states he ""closed ConsumerismCommentary.com and redirected it"" because running multiple websites was too much (operator's own stated reason, tier A content on a tier-C-observed live redirect).",shutdown,Founded 2003 (per QuinStreet's 2011 acquisition press release); acquired by QuinStreet Nov 2011; later reacquired by Rob Berger; live redirect to shutdown-announcement page observed 2026-09-17.,2003,B,https://www.globenewswire.com/news-release/2011/11/28/462419/239253/en/QuinStreet-Announces-Acquisition-of-ConsumerismCommentary-com.html,"QuinStreet's own acquisition press release states the site was ""created in 2003 by Luke Landes"".",UNKNOWN,UNKNOWN,UNKNOWN,UNKNOWN,,UNKNOWN,,2026-09-17,,UNKNOWN,UNKNOWN,Domain is no longer independently operational (see contrast case); no live traffic figure is meaningful or applicable.,UNKNOWN,,2026-09-17,UNKNOWN,UNKNOWN,,UNKNOWN,UNKNOWN,UNKNOWN,Historical; site no longer operates standalone.,UNKNOWN,UNKNOWN,UNKNOWN,Historical; site no longer operates standalone.,UNKNOWN,UNKNOWN,UNKNOWN,,UNKNOWN,UNKNOWN,UNKNOWN,,N,C,https://robberger.com/welcome-consumerism-commentary-and-five-cent-nickel-readers/,"Domain now hard-redirects to a newsletter signup for a different brand (RobBerger.com), not its own.",UNKNOWN,UNKNOWN,UNKNOWN,UNKNOWN,"No sitemap/index-count (or other automatable) content-scale proxy was collected during A0-Phase1/A0-Phase2 research -- this field was added to the production schema in this round without new research, per instruction to leave it UNKNOWN rather than backfill a guessed value."
1500days.com,1500 Days to Freedom,"FIRE / early retirement, portfolio performance tracking",Personal Finance,UNKNOWN,2026-09-17,Contrast Cohort,UNKNOWN,N,D,UNKNOWN,"Generalist FIRE blog, well-known but not tied to one specific named sub-methodology.",Y,C,https://www.1500days.com/all-posts/,"Direct comparison of the site's own archive shows a shift from multiple weekly/near-daily posts in 2013-2016 to sparse, quarterly ""Performance Update"" posts by 2020-2025, corroborated by a 22.53% recent month-over-month traffic decline per Similarweb.",cadence_drop,"Weekly/near-daily posting 2013-2016 per own archive pattern vs. quarterly ""Performance Update"" posts by 2020-2025 (e.g. Q1 2025 update); 22.53% MoM traffic decline per Similarweb, lookup 2026-09-17.",UNKNOWN,UNKNOWN,UNKNOWN,"Site clearly predates 2016 based on early archive content, but no stated founding year found with a citable URL this pass.",Similarweb,total visits (ambiguous),CONTENT_ONLY,UNKNOWN,,UNKNOWN,,2026-09-17,"Similarweb snapshot, lookup 2026-09-17",UNKNOWN,https://www.similarweb.com/website/1500days.com/,"Ambiguous ""19.4K"" comparison figure with ""traffic decreased 22.53% compared to last month"" -- decline direction legible, absolute total left UNKNOWN.",UNKNOWN,,2026-09-17,UNKNOWN,UNKNOWN,,UNKNOWN,UNKNOWN,UNKNOWN,Not confirmed either way in fetched content.,Y,A,https://www.1500days.com/money-saving-products/,"""Stuff We Like"" page contains affiliate links (Bluehost, Personal Capital, Fundrise, PeerStreet, LendingTree, Ting) with disclosure ""some of these links help support the blog"".",N,D,UNKNOWN,"Not observed; site publishes net-worth/portfolio updates, not a sold product.",N,D,UNKNOWN,Not observed.,UNKNOWN,UNKNOWN,UNKNOWN,Not directly confirmed.,UNKNOWN,UNKNOWN,UNKNOWN,UNKNOWN,"No sitemap/index-count (or other automatable) content-scale proxy was collected during A0-Phase1/A0-Phase2 research -- this field was added to the production schema in this round without new research, per instruction to leave it UNKNOWN rather than backfill a guessed value."
apartmenttherapy.com,Apartment Therapy,Home decor/organization media,Home / DIY,UNKNOWN,2026-09-17,Large/Traffic Leader,HIGH,N,D,UNKNOWN,"Broad home-decor media, not a single sub-topic authority.",N,D,UNKNOWN,"No verified contrast-pattern evidence (traffic decline, cadence drop, shutdown, etc.) was found for this site during this research pass; defaulted to N.",NOT_APPLICABLE,,2004,B,https://en.wikipedia.org/wiki/Apartment_Therapy,"Founder Maxwell Ryan turned his 2001 design-consultancy newsletter into a daily blog with brother Oliver in 2004, per Wikipedia.",Similarweb,total visits,CONTENT_ONLY,6400000,trailing_3_months,2133333,"raw_3mo_total / 3, rounded to nearest integer",2026-09-17,"Similarweb snapshot, lookup 2026-09-17",B,https://www.similarweb.com/website/apartmenttherapy.com/,"Down 15% vs prior month, global rank #10,977.",UNKNOWN,,2026-09-17,UNKNOWN,UNKNOWN,"Adweek notes a ""26% revenue pop from sticky sponsored tools"" but no absolute dollar figure. Source: https://www.adweek.com/media/apartment-therapy-revenue-sticky-sponsored-tools/",Y,B,https://advertising.apartmenttherapy.com/apartmenttherapy.html,Runs a dedicated ad-sales operation.,Y,D,UNKNOWN,"Inferred from ""What to Buy""/shopping content; not a direct disclosure quote.",UNKNOWN,UNKNOWN,UNKNOWN,,Y,C,https://www.apartmenttherapy.com/features/the-cure-program,"""The Cure"" program observed.",Y,C,https://www.apartmenttherapy.com/,Signup forms observed.,UNKNOWN,UNKNOWN,UNKNOWN,UNKNOWN,"No sitemap/index-count (or other automatable) content-scale proxy was collected during A0-Phase1/A0-Phase2 research -- this field was added to the production schema in this round without new research, per instruction to leave it UNKNOWN rather than backfill a guessed value."
seriouseats.com,Serious Eats,Food journalism/recipes/food science,Food / Recipe,UNKNOWN,2026-09-17,Large/Traffic Leader,HIGH,Y,B,https://en.wikipedia.org/wiki/Serious_Eats,"""The Food Lab"" column is the recognized reference for food-science-based cooking, per Wikipedia.",N,D,UNKNOWN,"No verified contrast-pattern evidence (traffic decline, cadence drop, shutdown, etc.) was found for this site during this research pass; defaulted to N.",NOT_APPLICABLE,,UNKNOWN,UNKNOWN,UNKNOWN,"Wikipedia excerpt fetched did not state an explicit founding year; commonly cited elsewhere as ~2006 but not verified with a direct URL this pass, so left UNKNOWN rather than guessed.",Similarweb,total visits,CONTENT_ONLY,22600000,trailing_3_months,7533333,"raw_3mo_total / 3, rounded to nearest integer",2026-09-17,"Similarweb snapshot, lookup 2026-09-17",B,https://www.similarweb.com/website/seriouseats.com/,"Down 5.96% vs prior month, global rank ~2,520.",UNKNOWN,,2026-09-17,UNKNOWN,UNKNOWN,Owned by Dotdash Meredith; no per-site figure disclosed.,Y,B,https://www.advertise-with-us.com/p/418552,Dotdash Meredith runs its own ad network/programmatic sales for the site.,UNKNOWN,UNKNOWN,UNKNOWN,Direct page fetch was blocked; not independently confirmed this pass.,UNKNOWN,UNKNOWN,UNKNOWN,,N,D,UNKNOWN,No evidence found.,UNKNOWN,UNKNOWN,UNKNOWN,Fetch blocked.,UNKNOWN,UNKNOWN,UNKNOWN,UNKNOWN,"No sitemap/index-count (or other automatable) content-scale proxy was collected during A0-Phase1/A0-Phase2 research -- this field was added to the production schema in this round without new research, per instruction to leave it UNKNOWN rather than backfill a guessed value."
designsponge.com,Design*Sponge,Interior design/DIY blog (defunct),Home / DIY,UNKNOWN,2026-09-17,Contrast Cohort,UNKNOWN,Y,B,https://businessofhome.com/articles/behind-grace-bonney-s-decision-to-close-design-sponge,"Was a defining voice in independent design blogging, per Business of Home retrospective.",Y,A,https://businessofhome.com/articles/behind-grace-bonney-s-decision-to-close-design-sponge,"Founder Grace Bonney explicitly closed the site Aug 30, 2019, citing refusal to increase sponsored/celebrity content to stay profitable (operator's own stated reason, quoted in a third-party piece).",shutdown,"Site closed by founder's own decision, announced/effective Aug 30, 2019.",2004,B,https://businessofhome.com/articles/behind-grace-bonney-s-decision-to-close-design-sponge,"Business of Home reports the site closed ""15 years"" after its launch, with closure announced in 2019, implying a ~2004 launch.",Similarweb,total visits,CONTENT_ONLY,UNKNOWN,,UNKNOWN,,2026-09-17,,UNKNOWN,UNKNOWN,"No current traffic figure sought since the domain is inactive as an original content property (closed Aug 30, 2019). traffic_scope is nonetheless CONTENT_ONLY as a domain-structure judgment (Design*Sponge was historically a content/media property, not a SaaS/app domain) -- independent of the fact that no current traffic value applies. [pre-950 hardening] scope reclassified from a bare UNKNOWN default to CONTENT_ONLY per the corrected traffic_scope definition (domain structure, not data availability).",UNKNOWN,,2026-09-17,UNKNOWN,UNKNOWN,"No dollar figures disclosed. At peak, founder self-reported ""over 2 million readers per month"" (tier A, quoted in the Business of Home piece) -- an audience figure, not revenue.",UNKNOWN,UNKNOWN,UNKNOWN,"Site inactive since Aug 30, 2019; not assessed.",UNKNOWN,UNKNOWN,UNKNOWN,,Y,D,UNKNOWN,Historically sold books/products under the Design*Sponge brand.,N,D,UNKNOWN,"Site has been inactive as an original content property since closing Aug 30, 2019 (contrast_pattern=shutdown); no course or community offering could plausibly be operating on a domain that stopped publishing years ago.",UNKNOWN,UNKNOWN,UNKNOWN,,UNKNOWN,UNKNOWN,UNKNOWN,UNKNOWN,"No sitemap/index-count (or other automatable) content-scale proxy was collected during A0-Phase1/A0-Phase2 research -- this field was added to the production schema in this round without new research, per instruction to leave it UNKNOWN rather than backfill a guessed value."
101cookbooks.com,101 Cookbooks,Vegetarian/whole-foods recipes,Food / Recipe,UNKNOWN,2026-09-17,Contrast Cohort,HIGH,Y,B,https://techland.time.com/2013/08/05/the-25-best-bloggers-2013-edition/slide/heidi-swanson-101-cookbooks/,"One of the earliest/most recognized food blogs; named to TIME's ""25 Best Bloggers"" 2013.",Y,C,https://www.101cookbooks.com/,"Site is 23 years old and was a TIME-recognized top blog, yet current traffic (~261K/mo) is far below newer peers of similar or shorter tenure (e.g. loveandlemons.com at ~13.8M/3mo, started 2012). Current RSS feed shows only ~1 post per 1-3 weeks (8 posts spanning ~3 months, June-Sept 2026), a markedly reduced cadence versus the site's historically frequent early-2000s posting described in profile pieces.",cadence_drop,Current (Sept 2026) posting cadence vs. historical reputation as a top-tier blog and TIME's 2013 recognition.,2003,A,https://www.101cookbooks.com/about,"Own about page: ""101 Cookbooks started in early 2003"".",Similarweb,total visits,CONTENT_ONLY,783500,trailing_3_months,261167,"raw_3mo_total / 3, rounded to nearest integer",2026-09-17,"Similarweb snapshot, lookup 2026-09-17",B,https://www.101cookbooks.com/,"Up 4.34% vs prior month, global rank #80,295.",UNKNOWN,,2026-09-17,UNKNOWN,UNKNOWN,No figures disclosed.,UNKNOWN,UNKNOWN,UNKNOWN,"Site markets a paid membership with ""ad-free content"" as a benefit, implying the free tier carries some ads, but this is a mixed/indirect signal rather than a direct observation, so left UNKNOWN rather than asserted Y.",Y,C,https://www.101cookbooks.com/,Explicit Amazon Associates disclosure observed on-site.,Y,C,https://www.101cookbooks.com/,"Multiple published cookbooks (Super Natural Simple, Near & Far, etc.).",Y,C,https://www.101cookbooks.com/,"Paid membership (""ad-free content"", bonus PDFs).",Y,C,https://www.101cookbooks.com/,"""Join my newsletter!"" observed.",UNKNOWN,UNKNOWN,UNKNOWN,UNKNOWN,"No sitemap/index-count (or other automatable) content-scale proxy was collected during A0-Phase1/A0-Phase2 research -- this field was added to the production schema in this round without new research, per instruction to leave it UNKNOWN rather than backfill a guessed value."
shanty-2-chic.com,Shanty 2 Chic,DIY furniture building plans,Home / DIY,UNKNOWN,2026-09-17,Mid-scale Active Site,LOW,N,D,UNKNOWN,"Mid-tier DIY furniture blog, not the singular reference site.",N,D,UNKNOWN,Traffic declining slightly (-1.82% MoM) but not dramatically; not treated as a contrast case.,NOT_APPLICABLE,,2009,C,https://www.shanty-2-chic.com/about/,Own about content states the site launched in August 2009.,Similarweb,total visits,CONTENT_ONLY,40300,trailing_3_months,13433,"raw_3mo_total / 3, rounded to nearest integer",2026-09-17,"Similarweb snapshot, lookup 2026-09-17",B,https://www.similarweb.com/website/shanty-2-chic.com/,Down 1.82% vs prior month; category rank #312 Home Improvement (US).,UNKNOWN,,2026-09-17,UNKNOWN,UNKNOWN,"A third-party influencer-marketing estimator tool suggested a ""$3 million net worth"" figure, but this is an unverified estimate of unclear methodology, not disclosed revenue -- not used as a finding.",UNKNOWN,UNKNOWN,UNKNOWN,Not directly observed in fetched excerpt.,Y,D,UNKNOWN,"Inferred from ""Shop Our Favorite Finds"" product-recommendation pages; not a direct disclosure quote.",Y,B,https://www.dallasnews.com/business/retail/2018/01/16/plano-retailer-at-home-partners-with-fort-worth-sisters-who-built-a-furniture-following-online/,"Shanty2Chic Home Collection sold at At Home stores nationwide, per Dallas News.",UNKNOWN,UNKNOWN,UNKNOWN,,Y,C,https://www.shanty-2-chic.com/,"""VIP Insider"" signup observed.",UNKNOWN,UNKNOWN,UNKNOWN,UNKNOWN,"No sitemap/index-count (or other automatable) content-scale proxy was collected during A0-Phase1/A0-Phase2 research -- this field was added to the production schema in this round without new research, per instruction to leave it UNKNOWN rather than backfill a guessed value."
tinyhousetalk.com,Tiny House Talk,Tiny house movement (curation/news),Home / DIY,UNKNOWN,2026-09-17,Narrow Niche Authority,MID,Y,D,UNKNOWN,"Widely cited as one of the original/definitive tiny-house-movement news/curation sites since 2009; reasoned from long tenure plus niche specificity, not a third-party ranking source.",N,D,UNKNOWN,Declining slightly (-3.57% MoM) but not dramatic enough alone; used as the niche-authority slot instead.,NOT_APPLICABLE,,2009,C,https://tinyhousetalk.com/about/,Own about page states founding by Alex Pino in 2009 (my own direct observation of the page).,Similarweb,total visits,CONTENT_ONLY,99500,trailing_3_months,33167,"raw_3mo_total / 3, rounded to nearest integer",2026-09-17,"Similarweb snapshot, lookup 2026-09-17",B,https://www.similarweb.com/website/tinyhousetalk.com/,"Down 3.57% vs prior month, global rank #406,197, category #1,727 Home & Garden.",UNKNOWN,,2026-09-17,UNKNOWN,UNKNOWN,No figures found.,UNKNOWN,UNKNOWN,UNKNOWN,Not directly confirmed; affiliate confirmed separately.,Y,C,https://tinyhousetalk.com/,Explicit Amazon Associates disclosure observed on-site.,N,D,UNKNOWN,"Offers free plans/eBooks, not sold products.",N,D,UNKNOWN,"Site's content model (per its recorded primary_niche) is curation/news aggregation of other people's tiny houses, not a personal-brand teaching site; no course or paid community was identified alongside its free plans/eBooks and affiliate/ad monetization.",Y,C,https://tinyhousetalk.com/,"""Tiny House Newsletter"" via ConvertKit observed.",UNKNOWN,UNKNOWN,UNKNOWN,UNKNOWN,"No sitemap/index-count (or other automatable) content-scale proxy was collected during A0-Phase1/A0-Phase2 research -- this field was added to the production schema in this round without new research, per instruction to leave it UNKNOWN rather than backfill a guessed value."
loveandlemons.com,Love and Lemons,Vegetarian recipes,Food / Recipe,UNKNOWN,2026-09-17,Mid-scale Active Site,HIGH,N,D,UNKNOWN,"Broad vegetarian recipe site, strong but not narrow-topic definitive.",N,D,UNKNOWN,"No verified contrast-pattern evidence (traffic decline, cadence drop, shutdown, etc.) was found for this site during this research pass; defaulted to N.",NOT_APPLICABLE,,2012,B,https://www.nichepursuits.com/love-and-lemons-success-story/,"Third-party profile: ""Since the site started in 2012..."".",Similarweb,total visits,CONTENT_ONLY,13800000,trailing_3_months,4600000,"raw_3mo_total / 3, rounded to nearest integer",2026-09-17,"Similarweb snapshot, lookup 2026-09-17",B,https://www.similarweb.com/website/loveandlemons.com/,"Up 4.25% vs prior month, category rank #16 Cooking & Recipes (US). A third-party profile separately cited ""10M visitors/month"" as of 2022/2023 (tier B, different period, https://www.nichepursuits.com/love-and-lemons-success-story/), not reconciled with this snapshot.",UNKNOWN,,2026-09-17,UNKNOWN,UNKNOWN,Not disclosed in sources found.,Y,B,https://www.nichepursuits.com/love-and-lemons-success-story/,"Confirmed in a third-party profile (""sidebar and in-content placements"").",Y,B,https://www.nichepursuits.com/love-and-lemons-success-story/,"""affiliate sales through resources shop"", per third-party profile.",Y,B,https://www.nichepursuits.com/love-and-lemons-success-story/,Two published cookbooks plus a recipe planner.,UNKNOWN,UNKNOWN,UNKNOWN,,Y,C,https://loveandlemons.substack.com/,Substack newsletter confirmed.,UNKNOWN,UNKNOWN,UNKNOWN,UNKNOWN,"No sitemap/index-count (or other automatable) content-scale proxy was collected during A0-Phase1/A0-Phase2 research -- this field was added to the production schema in this round without new research, per instruction to leave it UNKNOWN rather than backfill a guessed value."
theperfectloaf.com,The Perfect Loaf,Sourdough baking (technique/science),Food / Recipe,UNKNOWN,2026-09-17,Narrow Niche Authority,MID,Y,B,https://pastryartsmag.com/people/maurizio-leo-a-sourdough-masters-quest-for-the-perfect-loaf/,"James Beard Award-winning, NYT bestseller sourdough resource; widely cited as the go-to sourdough-science site.",N,D,UNKNOWN,"A -25.56% MoM traffic dip is real but is a single-month reading, not a verified sustained decline pattern.",NOT_APPLICABLE,,2012,C,https://www.theperfectloaf.com/about/,"Own about page states the site was ""established in 2012"".",Similarweb,total visits,CONTENT_ONLY,475000,trailing_3_months,158333,"raw_3mo_total / 3, rounded to nearest integer",2026-09-17,"Similarweb snapshot, lookup 2026-09-17",B,https://www.similarweb.com/website/theperfectloaf.com/,"Down 25.56% vs prior month, global rank fell #91,021 to #112,350.",UNKNOWN,,2026-09-17,UNKNOWN,UNKNOWN,"Multiple revenue streams identified (books, membership, workshops) but not individually quantified.",N,C,https://www.theperfectloaf.com/about/,"Site explicitly describes itself as maintaining an ""ad-free model"".",Y,C,https://www.theperfectloaf.com/,"""Amazon Influencer"" -- earns from qualifying purchases.",Y,B,https://pastryartsmag.com/people/maurizio-leo-a-sourdough-masters-quest-for-the-perfect-loaf/,Two published books (The Perfect Loaf -- NYT bestseller and James Beard Award winner; The Perfect Pizza).,Y,C,https://www.theperfectloaf.com/,"""The Baker's Corner"" paid membership plus paid workshops/baking trips.",UNKNOWN,UNKNOWN,UNKNOWN,Not directly confirmed in fetched excerpt.,UNKNOWN,UNKNOWN,UNKNOWN,UNKNOWN,"No sitemap/index-count (or other automatable) content-scale proxy was collected during A0-Phase1/A0-Phase2 research -- this field was added to the production schema in this round without new research, per instruction to leave it UNKNOWN rather than backfill a guessed value."
afarmgirlsdabbles.com,A Farmgirl's Dabbles,Home-cooking/family recipes,Food / Recipe,UNKNOWN,2026-09-17,Mid-scale Active Site,MID,N,D,UNKNOWN,"Site's own recorded primary_niche is general home-cooking/family recipes, a broad category rather than a specific named sub-niche, so it was not treated as a narrow niche authority.",N,D,UNKNOWN,"No verified contrast-pattern evidence (traffic decline, cadence drop, shutdown, etc.) was found for this site during this research pass; defaulted to N.",NOT_APPLICABLE,,2010,A,https://www.afarmgirlsdabbles.com/about/,"Operator's own statement: ""I started A Farmgirl's Dabbles in 2010"".",Similarweb,total visits,CONTENT_ONLY,215900,trailing_3_months,71967,"raw_3mo_total / 3, rounded to nearest integer",2026-09-17,"Similarweb snapshot, lookup 2026-09-17",B,https://www.similarweb.com/website/afarmgirlsdabbles.com/,"Down 16.41% vs prior month, global rank fell #198,515 to #224,964. Borderline decline signal, but not selected as the primary contrast case for this batch.",UNKNOWN,,2026-09-17,UNKNOWN,UNKNOWN,Not disclosed.,UNKNOWN,UNKNOWN,UNKNOWN,Not directly observed in fetched homepage excerpt.,Y,D,UNKNOWN,"Inferred from a ""Privacy & Disclosure"" footer link plus recipe-post affiliate-link references; not a direct disclosure quote captured.",UNKNOWN,UNKNOWN,UNKNOWN,,UNKNOWN,UNKNOWN,UNKNOWN,,Y,C,https://www.afarmgirlsdabbles.com/,"""get new recipes via email"" forms observed.",UNKNOWN,UNKNOWN,UNKNOWN,UNKNOWN,"No sitemap/index-count (or other automatable) content-scale proxy was collected during A0-Phase1/A0-Phase2 research -- this field was added to the production schema in this round without new research, per instruction to leave it UNKNOWN rather than backfill a guessed value."
thewoodwhisperer.com,The Wood Whisperer,Woodworking instruction/video,Home / DIY,UNKNOWN,2026-09-17,Narrow Niche Authority,MID,Y,D,UNKNOWN,"One of the longest-running, most-cited video-based woodworking education brands (founded 2006, spawned dedicated Guild + podcast); reasoned from tenure and brand extensions, not a third-party ranking source.",N,D,UNKNOWN,"No verified contrast-pattern evidence (traffic decline, cadence drop, shutdown, etc.) was found for this site during this research pass; defaulted to N.",NOT_APPLICABLE,,2006,C,https://thewoodwhisperer.com/about/,Own about page states founding by Marc Spagnuolo in 2006 (my own direct observation of the page).,Similarweb,total visits,CONTENT_ONLY,121500,trailing_3_months,40500,"raw_3mo_total / 3, rounded to nearest integer",2026-09-17,"Similarweb snapshot, lookup 2026-09-17",B,https://www.similarweb.com/website/thewoodwhisperer.com/,"Up 5.58% vs prior month. Note: Similarweb mis-categorized this site under ""Social Media Networks"" -- likely a data-quality quirk on Similarweb's side, flagged for transparency.",UNKNOWN,,2026-09-17,UNKNOWN,UNKNOWN,Not disclosed.,Y,C,https://thewoodwhisperer.com/about/,"Site discloses use of ""analytics and advertisement cookies"".",Y,C,https://thewoodwhisperer.com/about/,"Explicit disclosure: ""assume that any links leading you to products or services are affiliate links"".",Y,C,https://thewoodwhisperer.com/about/,"Books (""Hybrid Woodworking"", ""Essential Joinery""), merchandise, and supplies via the TWW Store.",Y,C,https://thewoodwhisperer.com/about/,"""The Wood Whisperer Guild"" paid membership (thewoodwhispererguild.com).",UNKNOWN,UNKNOWN,UNKNOWN,Not directly confirmed.,UNKNOWN,UNKNOWN,UNKNOWN,UNKNOWN,"No sitemap/index-count (or other automatable) content-scale proxy was collected during A0-Phase1/A0-Phase2 research -- this field was added to the production schema in this round without new research, per instruction to leave it UNKNOWN rather than backfill a guessed value."
pcmag.com,PCMag,Tech product reviews & buying guides (broad consumer electronics/software),Product Review / Buying Guides,UNKNOWN,2026-09-17,Large/Traffic Leader,HIGH,N,D,UNKNOWN,"Broad tech category, not a single narrow product niche.",N,D,UNKNOWN,"No verified contrast-pattern evidence (traffic decline, cadence drop, shutdown, etc.) was found for this site during this research pass; defaulted to N.",NOT_APPLICABLE,,1982,B,https://en.wikipedia.org/wiki/PCMag,"Founded 1982 as PC Magazine (print); went online-only Jan 2009, per Wikipedia and corroborating Forbes 2008 coverage of the print shutdown.",Similarweb,total visits,CONTENT_ONLY,11400000,trailing_3_months,3800000,"raw_3mo_total / 3, rounded to nearest integer",2026-09-17,Similarweb snapshot dated ~August 2026,B,https://www.similarweb.com/website/pcmag.com/,traffic_scope left UNKNOWN rather than guessed CONTENT_ONLY -- PCMag hosts software/VPN test tools that may not be separable from editorial content traffic.,UNKNOWN,,2026-09-17,UNKNOWN,UNKNOWN,"Parent Ziff Davis discloses a company-wide ""$1 billion affiliate commerce business"" (https://www.adexchanger.com/the-sell-sider/inside-the-data-crunching-that-powers-ziff-media-groups-1-billion-affiliate-commerce-biz/, tier B) but this is not PCMag-specific, so site-level revenue is UNKNOWN.",Y,D,UNKNOWN,Reasoned inference (well documented industry-wide for this publisher); homepage fetch was blocked so not independently re-observed this pass.,Y,B,https://www.websiterating.com/vpn/pcmag-vpn-conflict-of-interest-ziff-davis/,"PCMag runs ""Editors' Choice""/buying-guide affiliate links; documented in third-party coverage of Ziff Davis's affiliate commerce practices.",N,D,UNKNOWN,No evidence found of PCMag selling its own physical product.,UNKNOWN,UNKNOWN,UNKNOWN,Not found.,Y,D,UNKNOWN,Reasoned inference (well known industry-wide); homepage fetch blocked so not independently re-verified this pass.,UNKNOWN,UNKNOWN,UNKNOWN,UNKNOWN,"No sitemap/index-count (or other automatable) content-scale proxy was collected during A0-Phase1/A0-Phase2 research -- this field was added to the production schema in this round without new research, per instruction to leave it UNKNOWN rather than backfill a guessed value."
tomsguide.com,Tom's Guide,Tech product reviews & buying guides,Product Review / Buying Guides,UNKNOWN,2026-09-17,Large/Traffic Leader,HIGH,N,D,UNKNOWN,"Site's own recorded primary_niche is broad tech product reviews & buying guides across many categories, not a narrowly specialized sub-niche authority.",N,D,UNKNOWN,"No verified contrast-pattern evidence (traffic decline, cadence drop, shutdown, etc.) was found for this site during this research pass; defaulted to N.",NOT_APPLICABLE,,2007,B,https://en.wikipedia.org/wiki/Tom%27s_Guide,"Founded 2007 by Bestofmedia, per Wikipedia; ownership chain (Bestofmedia to TechMediaNetwork 2013 to Purch 2014 to Future 2018) corroborated by Tom's Guide's own About Us page.",Similarweb,total visits,CONTENT_ONLY,15300000,trailing_3_months,5100000,"raw_3mo_total / 3, rounded to nearest integer",2026-09-17,Similarweb snapshot dated ~August 2026,B,https://www.similarweb.com/website/tomsguide.com/,"traffic_scope left UNKNOWN, not independently confirmed as content-only vs. whole-domain this pass.",UNKNOWN,,2026-09-17,UNKNOWN,UNKNOWN,No site-specific figure found; parent Future plc reports only at company level.,UNKNOWN,UNKNOWN,UNKNOWN,"Only a ScorecardResearch tracking pixel was found on the about page, which is not itself proof of display ad units.",Y,A,https://www.tomsguide.com/reference/about-us,"Own about page: ""We sometimes use affiliate links to products and services on retailer sites for which we can receive compensation."" Also discloses paid advertorials.",N,D,UNKNOWN,Business model (per its own about page's disclosed affiliate/advertorial monetization and its recorded primary_niche as a review/buying-guide publisher) is advertising/affiliate-driven media; no own-product offering was identified.,UNKNOWN,UNKNOWN,UNKNOWN,,Y,A,https://www.tomsguide.com/reference/about-us,"About page lists multiple named newsletters (Tom's Guide Daily, Tom's AI Guide, etc.).",UNKNOWN,UNKNOWN,UNKNOWN,UNKNOWN,"No sitemap/index-count (or other automatable) content-scale proxy was collected during A0-Phase1/A0-Phase2 research -- this field was added to the production schema in this round without new research, per instruction to leave it UNKNOWN rather than backfill a guessed value."
toptenreviews.com,TopTenReviews,"Broad consumer product/software buying guides (antivirus, VPN, home security, appliances, etc.)",Product Review / Buying Guides,UNKNOWN,2026-09-17,Large/Traffic Leader,UNKNOWN,N,D,UNKNOWN,Broad multi-category site.,N,D,UNKNOWN,"Not formally flagged as contrast despite an unusually low, declining Similarweb figure (59.3K visits, -22.39% MoM) for a brand of this history -- kept as Large/Traffic Leader per its brand recognition, with the traffic anomaly flagged rather than asserted as a verified decline pattern (no independent trend data captured beyond a single snapshot).",NOT_APPLICABLE,,UNKNOWN,UNKNOWN,UNKNOWN,Crunchbase founding date is redacted/obfuscated; Wikipedia entry exists but did not yield a founding year in this session's fetch.,Similarweb,total visits (most-recent-month figure),CONTENT_ONLY,59300,UNKNOWN,UNKNOWN,Reported as a most-recent-month figure rather than a clean 3-month total; not normalized to avoid guessing the period.,2026-09-17,Similarweb snapshot dated ~June 2026,B,https://www.similarweb.com/website/toptenreviews.com/,"22.39% MoM decline noted. This is a notably small number for a site of this brand recognition; flagged as worth independent cross-check (possible Similarweb subdomain/measurement quirk), reported as-shown per instructions rather than adjusted.",UNKNOWN,,2026-09-17,UNKNOWN,UNKNOWN,"Future plc bought Purch's consumer brands (which included TopTenReviews) for ~$132M in 2018 (https://www.adexchanger.com/publishers/future-plc-plots-future-after-132m-purch-acquisition/, tier B) -- a company-bundle acquisition price, not a site-specific revenue figure.",UNKNOWN,UNKNOWN,UNKNOWN,Not independently confirmed this pass (only a tracking pixel and newsletter form observed on homepage fetch).,Y,D,UNKNOWN,"Site mission language (""helping users buy better"") plus membership in Future plc's affiliate-driven brand family; no explicit on-page disclosure text was captured this pass.",N,D,UNKNOWN,Business model (per its recorded primary_niche as a broad multi-category buying-guide publisher and its inferred affiliate-driven monetization) is advertising/affiliate-driven media; no own-product offering was identified.,UNKNOWN,UNKNOWN,UNKNOWN,,Y,C,https://www.toptenreviews.com/,"""Sign up to our newsletter"" directly observed in site header.",UNKNOWN,UNKNOWN,UNKNOWN,UNKNOWN,"No sitemap/index-count (or other automatable) content-scale proxy was collected during A0-Phase1/A0-Phase2 research -- this field was added to the production schema in this round without new research, per instruction to leave it UNKNOWN rather than backfill a guessed value."
gearpatrol.com,Gear Patrol,"Lifestyle/gear reviews (watches, outdoors, cars, tech, style)",Product Review / Buying Guides,UNKNOWN,2026-09-17,Mid-scale Active Site,HIGH,N,D,UNKNOWN,Broad lifestyle/gear category.,N,D,UNKNOWN,"No verified contrast-pattern evidence (traffic decline, cadence drop, shutdown, etc.) was found for this site during this research pass; defaulted to N.",NOT_APPLICABLE,,2007,A,https://www.gearpatrol.com/about/about-gear-patrol/,Own About page: founded 2007 by Eric Yang and Ben Bowers.,Similarweb,total visits,CONTENT_ONLY,7800000,trailing_3_months,2600000,"raw_3mo_total / 3, rounded to nearest integer",2026-09-17,Similarweb snapshot dated ~August 2026,B,https://www.similarweb.com/website/gearpatrol.com/,"Corroborating self-reported figures: ""over 4.8 million monthly readers"" (own About page, tier A) and founder-cited ""5.5 million unique monthly visitors"" in a Digiday interview (tier A, period unspecified, https://digiday.com/media/gear-patrol-founder-eric-yang-media-ecommerce-tech-products/) -- not reconciled with the Similarweb figure.",UNKNOWN,,2026-09-17,UNKNOWN,UNKNOWN,"A third-party data aggregator (Kona Equity) cites ""$12.5M Revenue"" but this is an unverified estimator tool, not a disclosed/audited figure -- treated as a low-confidence lead only, not reported as fact.",UNKNOWN,UNKNOWN,UNKNOWN,Not independently observed this pass; About page described only affiliate/store/branded content.,Y,A,https://www.gearpatrol.com/about/about-gear-patrol/,"About page: ""Gear Patrol links to featured products via Amazon and other online retailers... may earn a small percentage of the purchase price as a referral fee."" Founder also states in a Digiday interview they hold ""one of the first Amazon Associates accounts.""",Y,A,https://www.gearpatrol.com/about/about-gear-patrol/,"Operates the ""Gear Patrol Store"" selling own merchandise.",UNKNOWN,UNKNOWN,UNKNOWN,No evidence found.,UNKNOWN,UNKNOWN,UNKNOWN,Not directly observed this pass.,UNKNOWN,UNKNOWN,UNKNOWN,UNKNOWN,"No sitemap/index-count (or other automatable) content-scale proxy was collected during A0-Phase1/A0-Phase2 research -- this field was added to the production schema in this round without new research, per instruction to leave it UNKNOWN rather than backfill a guessed value."
vacuumwars.com,Vacuum Wars,Robot/vacuum cleaner reviews,Product Review / Buying Guides,UNKNOWN,2026-09-17,Mid-scale Active Site,HIGH,Y,D,UNKNOWN,"CEO Christopher White is described as holding ""one of the largest private collections"" of robot vacuums with a 300K+ subscriber YouTube channel; combined with dedicated single-category focus, reads as a leading authority for the robot-vacuum sub-niche, though no third-party ""definitive site"" statement was found to support tier A/B.",N,D,UNKNOWN,"No verified contrast-pattern evidence (traffic decline, cadence drop, shutdown, etc.) was found for this site during this research pass; defaulted to N.",NOT_APPLICABLE,,2017,A,https://vacuumwars.com/about/,Own about page states 2017.,Similarweb,total visits,CONTENT_ONLY,672600,trailing_3_months,224200,"raw_3mo_total / 3, rounded to nearest integer",2026-09-17,Similarweb snapshot dated ~July 2026,B,https://vacuumwars.com/about/,"Corroborating third-party marketing case study claims ""1,046% traffic growth in 3 months"" (https://aioseo.com/trends/vacuum-wars-seo-case-study/, tier B) -- supports an active-growth trajectory rather than decline.",UNKNOWN,,2026-09-17,UNKNOWN,UNKNOWN,No disclosed figures found.,UNKNOWN,UNKNOWN,UNKNOWN,"About page did not mention display ads, only affiliate program participation.",Y,A,https://vacuumwars.com/about/,"About page: participates in ""Amazon Services LLC Associates Program as well as the Walmart affiliate program and others.""",N,A,https://vacuumwars.com/about/,About page explicitly states no sponsorships/free products accepted since 2020; no own-product line found.,UNKNOWN,UNKNOWN,UNKNOWN,,UNKNOWN,UNKNOWN,UNKNOWN,,UNKNOWN,UNKNOWN,UNKNOWN,UNKNOWN,"No sitemap/index-count (or other automatable) content-scale proxy was collected during A0-Phase1/A0-Phase2 research -- this field was added to the production schema in this round without new research, per instruction to leave it UNKNOWN rather than backfill a guessed value."
runrepeat.com,RunRepeat,Running shoe reviews (lab + wear-testing),Product Review / Buying Guides,UNKNOWN,2026-09-17,Narrow Niche Authority,HIGH,Y,B,https://runrepeat.com/about,"Widely cited running-shoe review methodology (""buy all shoes with our own money... cut all shoes in half"", 30+ metrics per shoe) is a recognized reference point in the running-shoe review space, corroborated by dedicated Similarweb comparison pages against Runner's World and Doctors of Running as direct competitors in the same narrow niche.",N,D,UNKNOWN,"No verified contrast-pattern evidence (traffic decline, cadence drop, shutdown, etc.) was found for this site during this research pass; defaulted to N.",NOT_APPLICABLE,,UNKNOWN,UNKNOWN,UNKNOWN,"About page and search results did not surface an explicit founding year for founder Jens Jakob Andersen's site (RunRepeat ApS, Denmark).",Similarweb,total visits,CONTENT_ONLY,7600000,trailing_3_months,2533333,"raw_3mo_total / 3, rounded to nearest integer",2026-09-17,Similarweb snapshot dated ~July 2026,B,https://www.similarweb.com/website/runrepeat.com/,,UNKNOWN,,2026-09-17,UNKNOWN,UNKNOWN,No disclosed figures found.,Y,A,https://runrepeat.com/about,"About page: ""We also have ads to support our operations.""",Y,A,https://runrepeat.com/about,"About page: ""If you click through to the retailer and you buy the shoe, we get an affiliate commission on the sale""; also states Amazon Associates membership.",N,D,UNKNOWN,Business model (per its own about page's disclosed ad/affiliate monetization and its recorded primary_niche as a review/wear-testing publisher) is advertising/affiliate-driven media; no own-product offering was identified.,UNKNOWN,UNKNOWN,UNKNOWN,,UNKNOWN,UNKNOWN,UNKNOWN,Not observed this pass.,UNKNOWN,UNKNOWN,UNKNOWN,UNKNOWN,"No sitemap/index-count (or other automatable) content-scale proxy was collected during A0-Phase1/A0-Phase2 research -- this field was added to the production schema in this round without new research, per instruction to leave it UNKNOWN rather than backfill a guessed value."
babygearlab.com,BabyGearLab,"Baby gear/products reviews (car seats, strollers, carriers, etc.)",Product Review / Buying Guides,UNKNOWN,2026-09-17,Narrow Niche Authority,MID,Y,A,https://www.babygearlab.com/about,"Founder Dr. Juliet Spurrier (board-certified pediatrician) is described on the site's own About page as personally overseeing all reviews; site brands itself ""Home of the World's Best Baby Product Reviews"" and is a commonly cited reference for car-seat/stroller/carrier buying guides.",N,D,UNKNOWN,"No verified contrast-pattern evidence (traffic decline, cadence drop, shutdown, etc.) was found for this site during this research pass; defaulted to N.",NOT_APPLICABLE,,2013,C,http://www.prweb.com/releases/2013/2/prweb10485911.htm,"Earliest verifiable activity found is a Feb 2013 PRWeb press release (""BabyGearLab.com Announces 2013 Best Baby Carrier Review Awards""), used as a floor/lower-bound rather than a confirmed founding date.",Similarweb,total visits,CONTENT_ONLY,451900,trailing_3_months,150633,"raw_3mo_total / 3, rounded to nearest integer",2026-09-17,Similarweb snapshot dated ~May 2026,B,https://www.similarweb.com/website/babygearlab.com/,,UNKNOWN,,2026-09-17,UNKNOWN,UNKNOWN,No disclosed figures found.,N,A,https://www.babygearlab.com/about,"Own About page explicitly states the site ""remains ad-free"", monetizing only via affiliate commissions.",Y,A,https://www.babygearlab.com/about,"""We only make money when you click on our affiliate links and buy products we've reviewed.""",N,A,https://www.babygearlab.com/about,About page confirms they purchase all products at retail and don't sell their own.,UNKNOWN,UNKNOWN,UNKNOWN,No evidence found.,UNKNOWN,UNKNOWN,UNKNOWN,Not directly observed this pass.,UNKNOWN,UNKNOWN,UNKNOWN,UNKNOWN,"No sitemap/index-count (or other automatable) content-scale proxy was collected during A0-Phase1/A0-Phase2 research -- this field was added to the production schema in this round without new research, per instruction to leave it UNKNOWN rather than backfill a guessed value."
homegrounds.co,Home Grounds,"Home coffee brewing equipment & bean reviews (espresso machines, grinders, brewers)",Product Review / Buying Guides,UNKNOWN,2026-09-17,Narrow Niche Authority,UNKNOWN,Y,B,https://www.homegrounds.co/about/,"Single-category focus (home coffee brewing/equipment) since 2015, SCA (Specialty Coffee Association) membership claimed, dedicated editorial team, and a large single-topic social following (Facebook 86.9K, YouTube 21.8K). Authority claims (e.g. ""world's largest home barista community"") are the operator's own marketing language, not independently verified by a third party.",N,D,UNKNOWN,"No verified contrast-pattern evidence (traffic decline, cadence drop, shutdown, etc.) was found for this site during this research pass; defaulted to N.",NOT_APPLICABLE,,2015,B,https://www.blexr.com/brewing-up-success-with-home-grounds-coffee-site/,"Acquirer Blexr's own acquisition writeup states 2015, corroborated by the site's own About page.",Similarweb,total visits,CONTENT_ONLY,56800,trailing_3_months,UNKNOWN,Similarweb's free public page did not expose a clean monthly-average figure without login; reporting the raw 3-month total as shown rather than inferring a monthly split.,2026-09-17,Similarweb snapshot dated August 2026,C,https://www.similarweb.com/website/homegrounds.co/,"Owner (Blexr) separately claims ""millions of visitors each year"" (unquantified, tier B, https://www.blexr.com/brewing-up-success-with-home-grounds-coffee-site/) -- directionally much higher than this Similarweb estimate; both reported as approximate and non-reconciled.",UNKNOWN,,2026-09-17,UNKNOWN,UNKNOWN,"Blexr disclosed ""a six-figure sum"" as the 2021 acquisition price (tier B, same source), not ongoing revenue -- a purchase price, not a revenue figure, so revenue itself is UNKNOWN.",UNKNOWN,UNKNOWN,UNKNOWN,"No display/banner ad network observed on the sampled page, but this could reflect ad-blocking/rendering in the fetch rather than true absence.",Y,C,https://www.homegrounds.co/best-ground-coffee/,"""SEE ON AMAZON"" buttons, geni.us affiliate links, and an explicit disclosure: ""Homegrounds is reader-supported. When you buy via the links on our site, we may earn an affiliate commission at no cost to you.""",N,C,https://www.homegrounds.co/about/,Described as a review/affiliate site with no direct product line; reviews third-party coffee equipment and beans.,Y,C,https://www.homegrounds.co/about/,"Describes itself as ""the world's largest home barista community"" and runs an 86.9K-member Facebook group. No paid course found; course specifically is UNKNOWN, community is Y.",Y,C,https://www.homegrounds.co/about/,Email subscribe field/button visible in site navigation.,UNKNOWN,UNKNOWN,UNKNOWN,UNKNOWN,"No sitemap/index-count (or other automatable) content-scale proxy was collected during A0-Phase1/A0-Phase2 research -- this field was added to the production schema in this round without new research, per instruction to leave it UNKNOWN rather than backfill a guessed value."
the-gadgeteer.com,The Gadgeteer,General gadget/tech product reviews,Product Review / Buying Guides,UNKNOWN,2026-09-17,Contrast Cohort,HIGH,N,D,UNKNOWN,"Broad gadget category, not a single narrow product type.",Y,B,https://www.similarweb.com/website/the-gadgeteer.com/,"28+ years of continuous operation (1997-2025, self-stated in the site's own 25th-anniversary post) with over 24,000 news/review posts, yet current Similarweb global rank is only #64,011 with ~367K monthly visits and a recent 12.5% MoM decline -- modest traffic for a site of this operating age and content volume compared to peers like PCMag/Tom's Guide. Ownership was transferred in Dec 2025 (founder stepping back after 28 years), which the new owners explicitly frame as NOT a cadence drop (""Nothing... It is continuing on just the way it always has""), so only the low_traction_despite_age pattern is asserted, not cadence_drop.",low_traction_despite_age,"28+ years operating (1997-2025) vs. current ~367K/mo traffic and #64,011 global rank, with a 12.5% MoM decline observed at Similarweb lookup 2026-09-17.",1997,A,https://the-gadgeteer.com/2022/09/16/the-gadgeteer-is-25-years-old-have-you-been-here-from-the-start/,"Founder Julie Strietelmeier's own account: started on USENET/Geocities, then bought the-gadgeteer.com domain in Dec 1997.",Similarweb,total visits,CONTENT_ONLY,1100000,trailing_3_months,366667,"raw_3mo_total / 3, rounded to nearest integer",2026-09-17,Similarweb snapshot dated ~August 2026,B,https://www.similarweb.com/website/the-gadgeteer.com/,"Global rank #64,011, category rank #132 US Consumer Electronics, 12.5% MoM decrease noted.",UNKNOWN,,2026-09-17,UNKNOWN,UNKNOWN,No disclosed figures found.,Y,A,https://the-gadgeteer.com/disclosure/,"Own Disclosure page: ""accepts forms of cash advertising, sponsorship, paid insertions, affiliate links, or other forms of compensation.""",Y,A,https://the-gadgeteer.com/disclosure/,"Same disclosure page: participant in ""Amazon Services LLC Associates Program, Sharesale, Commission Junction, Impact Radius, Avantlinks, and Skimlinks.""",UNKNOWN,UNKNOWN,UNKNOWN,,UNKNOWN,UNKNOWN,UNKNOWN,,Y,C,https://the-gadgeteer.com/,"Site navigation includes a ""Follow Us!"" link to a dedicated /subscribe/ page.",UNKNOWN,UNKNOWN,UNKNOWN,UNKNOWN,"No sitemap/index-count (or other automatable) content-scale proxy was collected during A0-Phase1/A0-Phase2 research -- this field was added to the production schema in this round without new research, per instruction to leave it UNKNOWN rather than backfill a guessed value."
consumersearch.com,ConsumerSearch (historical),Meta-review aggregator (compiled/synthesized reviews across ~250 product categories),Product Review / Buying Guides,UNKNOWN,2026-09-17,Contrast Cohort,UNKNOWN,N,D,UNKNOWN,"Site's own recorded primary_niche is a meta-review aggregator spanning ~250 broad product categories, not a narrow niche authority, and the domain no longer functions as a review site at all (contrast_pattern=shutdown).",Y,C,https://consumersearch.com/,"Fetching consumersearch.com live on 2026-09-17 returned not a review site but an unrelated farewell/memorial page for Ask.com (""After 30 years of answering the world's questions, Ask.com officially closed on May 1, 2026""), indicating the domain has been repurposed/consolidated by its current corporate owner (IAC) and the original ConsumerSearch review-site brand no longer resolves at this URL at all. The exact year ConsumerSearch itself stopped publishing new reviews is UNKNOWN and not asserted.",shutdown,Acquired by About.com/New York Times Co. in 2007; domain now resolves to an unrelated Ask.com closure notice as observed 2026-09-17.,UNKNOWN,UNKNOWN,UNKNOWN,Not found in sources retrieved this pass; site already an established meta-review publisher by 2007 when acquired.,UNKNOWN,UNKNOWN,UNKNOWN,UNKNOWN,,UNKNOWN,,2026-09-17,,UNKNOWN,UNKNOWN,,UNKNOWN,2007-05-07 acquisition announcement,2026-09-17,UNKNOWN,UNKNOWN,"About.com (New York Times Co.) acquired ConsumerSearch.com for $33 million, announced 2007-05-07 (https://www.rttnews.com/295951/new-york-times-about-com-acquires-consumersearch-com-for-33-mln-quick-facts.aspx, tier B). This is an acquisition price, not ongoing revenue. [pre-950 hardening] revenue_value normalized to UNKNOWN per the Study A revenue-field policy: an acquisition/purchase price is not a revenue figure and must never populate revenue_value -- it is preserved here in revenue_note only.",UNKNOWN,UNKNOWN,UNKNOWN,Not applicable -- site no longer functions as a review site.,UNKNOWN,UNKNOWN,UNKNOWN,Historical; not verifiable now that the domain no longer serves review content.,UNKNOWN,UNKNOWN,UNKNOWN,,UNKNOWN,UNKNOWN,UNKNOWN,,UNKNOWN,UNKNOWN,UNKNOWN,,UNKNOWN,UNKNOWN,UNKNOWN,UNKNOWN,"No sitemap/index-count (or other automatable) content-scale proxy was collected during A0-Phase1/A0-Phase2 research -- this field was added to the production schema in this round without new research, per instruction to leave it UNKNOWN rather than backfill a guessed value."
careercontessa.com,Career Contessa,Career Contessa,Career / Education,UNKNOWN,2026-09-17,Large/Traffic Leader,MID,Y,D,,"Long-running (150,000+ newsletter members claimed), multi-format career media brand (courses, book, podcast, proprietary salary-data project) -- reasoned as an established niche authority rather than a small blog.",UNKNOWN,UNKNOWN,UNKNOWN,Actively selling new courses/coaching and running a weekly podcast; no evidence of decline observed.,NOT_APPLICABLE,,2013,A,https://www.careercontessa.com/about/,"Operator direct statement on About page: ""Since 2013, our mission has been to help women build successful and fulfilling careers on their terms.""",Similarweb,total visits,CONTENT_ONLY,72400,trailing_3_months,24133,"raw_3mo_total / 3, rounded to nearest integer",2026-09-17,Similarweb 'Total Visits Last 3 Months' snapshot; page accessed 2026-09-17,B,https://www.similarweb.com/website/careercontessa.com/,"Similarweb free-tier estimate (""Total Visits Last 3 Months""); exact reporting month varied by page and was not independently reconciled beyond the trailing-3-month framing, so no specific month is asserted.",UNKNOWN,UNKNOWN,UNKNOWN,UNKNOWN,UNKNOWN,,UNKNOWN,UNKNOWN,UNKNOWN,,UNKNOWN,UNKNOWN,UNKNOWN,,Y,C,https://www.careercontessa.com/,"Direct site observation: sells multiple paid courses (24-Hour Resume Makeover, Confidence Crunch, Asking For a Raise 101), a book (Power Moves), and 'Hire a Mentor' coaching.",Y,C,https://www.careercontessa.com/,Direct site observation: paid webinars and 'Hire a Mentor' 1:1 coaching program.,Y,C,https://www.careercontessa.com/,"Direct site observation: homepage states 'Join 150,000+ members who trust us to deliver the best career advice each week.'",UNKNOWN,UNKNOWN,UNKNOWN,UNKNOWN,"No sitemap/index-count (or other automatable) content-scale proxy was collected during Study A Wave 001 research -- left UNKNOWN rather than backfill a guessed value, matching the A0 dataset's own precedent for this field."
classycareergirl.com,Classy Career Girl,Classy Career Girl,Career / Education,UNKNOWN,2026-09-17,Large/Traffic Leader,LOW,Y,D,,"Founder-run career-coaching brand with a decade of operation (since 2014), its own coach-certification program and paid membership -- reasoned as an established niche authority.",UNKNOWN,UNKNOWN,UNKNOWN,Actively enrolling a new coach-certification cohort at time of research; no evidence of decline.,NOT_APPLICABLE,,2014,A,https://www.classycareergirl.com/,Operator direct statement: founder Anna Runyan states 'I created Classy Career Girl(R)...in 2014 because I was a new mom.',Similarweb,total visits,CONTENT_ONLY,12900,trailing_3_months,4300,"raw_3mo_total / 3, rounded to nearest integer",2026-09-17,Similarweb 'Total Visits Last 3 Months' snapshot; page accessed 2026-09-17,B,https://www.similarweb.com/website/classycareergirl.com/,"Similarweb free-tier estimate (""Total Visits Last 3 Months""); exact reporting month varied by page and was not independently reconciled beyond the trailing-3-month framing, so no specific month is asserted.",UNKNOWN,UNKNOWN,UNKNOWN,UNKNOWN,UNKNOWN,,UNKNOWN,UNKNOWN,UNKNOWN,,UNKNOWN,UNKNOWN,UNKNOWN,,Y,C,https://www.classycareergirl.com/,"Direct site observation: sells 'Corporate Rescue Plan' accelerator, a Career Coach Certification program, and multiple digital courses (Summer Business School, 90 Day Launch Plan).",Y,C,https://www.classycareergirl.com/,Direct site observation: paid membership program with member portal (theclasslife.com) and a coach-certification community.,Y,C,https://www.classycareergirl.com/,Direct site observation: repeated lead-capture CTAs (comment PLAN/WEBINAR) tied to free planner/roadmap downloads.,UNKNOWN,UNKNOWN,UNKNOWN,UNKNOWN,"No sitemap/index-count (or other automatable) content-scale proxy was collected during Study A Wave 001 research -- left UNKNOWN rather than backfill a guessed value, matching the A0 dataset's own precedent for this field."
careerattraction.com,Career Attraction,Career Attraction,Career / Education,UNKNOWN,2026-09-17,Large/Traffic Leader,UNKNOWN,Y,D,,"Operating since 2008 (operator-stated) with a claimed 16,000+ readers helped and its own paid workshop brand -- reasoned as an established niche authority.",UNKNOWN,UNKNOWN,UNKNOWN,No evidence of decline found; site actively promotes current workshop offerings.,NOT_APPLICABLE,,2008,A,https://careerattraction.com/,"Operator direct statement: site tagline reads 'Since 2008, Providing Advice that's Helped More than 16,000 High Achievers.'",UNKNOWN,UNKNOWN,CONTENT_ONLY,UNKNOWN,UNKNOWN,UNKNOWN,UNKNOWN,UNKNOWN,UNKNOWN,UNKNOWN,UNKNOWN,Similarweb page for this domain shows no visible Total Visits figure (registration-gated); left UNKNOWN rather than guess.,UNKNOWN,UNKNOWN,UNKNOWN,UNKNOWN,UNKNOWN,,UNKNOWN,UNKNOWN,UNKNOWN,,UNKNOWN,UNKNOWN,UNKNOWN,,Y,C,https://careerattraction.com/,"Direct site observation: promotes 'All Things Career Workshop' (paid training, via allthingscareer.com).",UNKNOWN,UNKNOWN,UNKNOWN,,Y,C,https://careerattraction.com/,Direct site observation: 'Subscribe' button in main navigation.,UNKNOWN,UNKNOWN,UNKNOWN,UNKNOWN,"No sitemap/index-count (or other automatable) content-scale proxy was collected during Study A Wave 001 research -- left UNKNOWN rather than backfill a guessed value, matching the A0 dataset's own precedent for this field."
careersidekick.com,Career Sidekick,Career Sidekick,Career / Education,UNKNOWN,2026-09-17,Mid-scale Active Site,LOW,N,D,,"Homepage positions the site as a content-only career-advice blog ('comprehensive blog featuring exclusive expert career tips'); no proprietary product/coaching brand or long operating history was confirmed in this research pass, so not classified as a niche authority.",UNKNOWN,UNKNOWN,UNKNOWN,No evidence of decline found (also no strong evidence of scale); default N pending deeper research.,NOT_APPLICABLE,,2013,A,https://www.careersidekick.com/about/,"Operator direct statement: ""Biron Clark began working as an Executive Recruiter in 2012 and founded Career Sidekick in June 2013 from a small home office in Quincy, MA.""",Similarweb,total visits,CONTENT_ONLY,24800,trailing_3_months,8267,"raw_3mo_total / 3, rounded to nearest integer",2026-09-17,Similarweb 'Total Visits Last 3 Months' snapshot; page accessed 2026-09-17,B,https://www.similarweb.com/website/careersidekick.com/,"Similarweb free-tier estimate (""Total Visits Last 3 Months""); exact reporting month varied by page and was not independently reconciled beyond the trailing-3-month framing, so no specific month is asserted.",UNKNOWN,UNKNOWN,UNKNOWN,UNKNOWN,UNKNOWN,,UNKNOWN,UNKNOWN,UNKNOWN,,UNKNOWN,UNKNOWN,UNKNOWN,,UNKNOWN,UNKNOWN,UNKNOWN,,UNKNOWN,UNKNOWN,UNKNOWN,,UNKNOWN,UNKNOWN,UNKNOWN,,UNKNOWN,UNKNOWN,UNKNOWN,UNKNOWN,"No sitemap/index-count (or other automatable) content-scale proxy was collected during Study A Wave 001 research -- left UNKNOWN rather than backfill a guessed value, matching the A0 dataset's own precedent for this field."
careerpivot.com,Career Pivot,Career Pivot,Career / Education,UNKNOWN,2026-09-17,Mid-scale Active Site,LOW,Y,D,,"Runs an active weekly podcast, a paid membership community, and multiple published books targeting a specific niche (career pivots for older/baby-boomer workers) -- reasoned as a niche authority.",UNKNOWN,UNKNOWN,UNKNOWN,Podcast described as releasing 'new episodes every Monday' at time of research; no evidence of decline.,NOT_APPLICABLE,,UNKNOWN,UNKNOWN,UNKNOWN,"Only indirect evidence found (site copyright footer read ""(C) Marc Miller and Associates, LLC 2012-2019""), which is not an operator about/history statement, third-party history, or directly-observable first archive/post per this round's evidence-tier bar; left UNKNOWN rather than infer from a copyright footer.",Similarweb,total visits,CONTENT_ONLY,4600,trailing_3_months,1533,"raw_3mo_total / 3, rounded to nearest integer",2026-09-17,Similarweb 'Total Visits Last 3 Months' snapshot; page accessed 2026-09-17,B,https://www.similarweb.com/website/careerpivot.com/,"Similarweb free-tier estimate (""Total Visits Last 3 Months""); exact reporting month varied by page and was not independently reconciled beyond the trailing-3-month framing, so no specific month is asserted.",UNKNOWN,UNKNOWN,UNKNOWN,UNKNOWN,UNKNOWN,,N,C,https://careerpivot.com/,Direct site observation: no traditional display advertising visible on the homepage.,UNKNOWN,UNKNOWN,UNKNOWN,,Y,C,https://careerpivot.com/,"Direct site observation: sells published books ('Repurpose Your Career', 'Personal Branding for Baby Boomers').",Y,C,https://careerpivot.com/,"Direct site observation: paid 'Career Pivot community' membership (online forum, accountability groups, community calls).",Y,C,https://careerpivot.com/,Direct site observation: 'Get Career Pivot Insights' signup form.,UNKNOWN,UNKNOWN,UNKNOWN,UNKNOWN,"No sitemap/index-count (or other automatable) content-scale proxy was collected during Study A Wave 001 research -- left UNKNOWN rather than backfill a guessed value, matching the A0 dataset's own precedent for this field."
bossedup.org,Bossed Up,Bossed Up,Career / Education,UNKNOWN,2026-09-17,Mid-scale Active Site,UNKNOWN,Y,D,,"Long-running women's career-development brand (Emilie Aries) with an active podcast (confirmed still listed on Apple Podcasts), bootcamp, and own tracking tool -- reasoned as a niche authority.",UNKNOWN,UNKNOWN,UNKNOWN,"A WebFetch of the site returned a stale cached snapshot from 2014 during this research, so recent posting cadence could not be directly re-confirmed; however, the podcast is independently confirmed still listed on Apple Podcasts, so this is NOT classified as a contrast/decline case on the evidence available.",NOT_APPLICABLE,,UNKNOWN,UNKNOWN,UNKNOWN,No founding-year statement found (About page fetch blocked by robots.txt; no usable third-party history found either); left UNKNOWN.,UNKNOWN,UNKNOWN,CONTENT_ONLY,UNKNOWN,UNKNOWN,UNKNOWN,UNKNOWN,UNKNOWN,UNKNOWN,UNKNOWN,UNKNOWN,Similarweb page for this domain shows no visible Total Visits figure (only a % MoM change); left UNKNOWN rather than guess.,UNKNOWN,UNKNOWN,UNKNOWN,UNKNOWN,UNKNOWN,,UNKNOWN,UNKNOWN,UNKNOWN,,UNKNOWN,UNKNOWN,UNKNOWN,,Y,C,https://www.bossedup.org/,Direct site observation: sells a 'Bootcamp' program and a 'LifeTracker' goal-tracking tool; also runs a podcast (confirmed active on Apple Podcasts).,Y,C,https://www.bossedup.org/,Direct site observation: multi-part paid workshop series and community networking events (happy hours).,Y,C,https://www.bossedup.org/about,Direct site observation: contact-capture survey/giveaway on the about page.,UNKNOWN,UNKNOWN,UNKNOWN,UNKNOWN,"No sitemap/index-count (or other automatable) content-scale proxy was collected during Study A Wave 001 research -- left UNKNOWN rather than backfill a guessed value, matching the A0 dataset's own precedent for this field."
careersherpa.net,Career Sherpa,Career Sherpa,Career / Education,UNKNOWN,2026-09-17,Narrow Niche Authority,LOW,Y,D,,"Long-running solo-operator brand (Hannah Morgan, 'aka Career Sherpa') with a specific job-search/social-media-strategy niche, own published guides, and speaking engagements -- reasoned as a niche authority.",UNKNOWN,UNKNOWN,UNKNOWN,Site shows continued (if not high-frequency) posting; no clear decline pattern established in this research pass.,NOT_APPLICABLE,,UNKNOWN,UNKNOWN,UNKNOWN,About page (Hannah Morgan) states she founded the site but gives no year; left UNKNOWN.,Similarweb,total visits,CONTENT_ONLY,9900,trailing_3_months,3300,"raw_3mo_total / 3, rounded to nearest integer",2026-09-17,Similarweb 'Total Visits Last 3 Months' snapshot; page accessed 2026-09-17,B,https://www.similarweb.com/website/careersherpa.net/,"Similarweb free-tier estimate (""Total Visits Last 3 Months""); exact reporting month varied by page and was not independently reconciled beyond the trailing-3-month framing, so no specific month is asserted.",UNKNOWN,UNKNOWN,UNKNOWN,UNKNOWN,UNKNOWN,,N,C,https://careersherpa.net/,Direct site observation: no display ad network visible on the homepage.,N,C,https://careersherpa.net/,Direct site observation: no affiliate disclosure found.,Y,C,https://careersherpa.net/,"Direct site observation: sells eBooks (LinkedIn Guide, 'Do I Want This Job?' interviewing ebook) and offers speaking/consulting.",UNKNOWN,UNKNOWN,UNKNOWN,,Y,C,https://careersherpa.net/,Direct site observation: 'Career Essentials member' signup embedded on homepage.,UNKNOWN,UNKNOWN,UNKNOWN,UNKNOWN,"No sitemap/index-count (or other automatable) content-scale proxy was collected during Study A Wave 001 research -- left UNKNOWN rather than backfill a guessed value, matching the A0 dataset's own precedent for this field."
eatyourcareer.com,Eat Your Career,Eat Your Career,Career / Education,UNKNOWN,2026-09-17,Narrow Niche Authority,LOW,Y,D,,"Professional-development training brand with named enterprise clients (Amazon, Microsoft, Capital One per site copy) and a proprietary learning platform -- reasoned as a niche authority.",UNKNOWN,UNKNOWN,UNKNOWN,No evidence of decline found; site actively promotes current workshops and books.,NOT_APPLICABLE,,2009,A,https://eatyourcareer.com/about/,"Operator direct statement on About page: ""In 2009, started Eat Your Career.""",Similarweb,total visits,CONTENT_ONLY,7500,trailing_3_months,2500,"raw_3mo_total / 3, rounded to nearest integer",2026-09-17,Similarweb 'Total Visits Last 3 Months' snapshot; page accessed 2026-09-17,B,https://www.similarweb.com/website/eatyourcareer.com/,"Similarweb free-tier estimate (""Total Visits Last 3 Months""); exact reporting month varied by page and was not independently reconciled beyond the trailing-3-month framing, so no specific month is asserted.",UNKNOWN,UNKNOWN,UNKNOWN,UNKNOWN,UNKNOWN,,N,C,https://eatyourcareer.com/,Direct site observation: no display ads visible; model is direct product/training sales.,UNKNOWN,UNKNOWN,UNKNOWN,,Y,C,https://eatyourcareer.com/,"Direct site observation: sells 5 books/workbooks, a 'Career Success Library' on-demand platform, and 'Learning Lab' full-day paid workshops.",Y,C,https://eatyourcareer.com/,Direct site observation: 'Career Success Library' on-demand learning platform is a paid product/community.,Y,C,https://eatyourcareer.com/,Direct site observation: free webinars/Q&A used for list-building.,UNKNOWN,UNKNOWN,UNKNOWN,UNKNOWN,"No sitemap/index-count (or other automatable) content-scale proxy was collected during Study A Wave 001 research -- left UNKNOWN rather than backfill a guessed value, matching the A0 dataset's own precedent for this field."
keppiecareers.com,Keppie Careers,Keppie Careers,Career / Education,UNKNOWN,2026-09-17,Narrow Niche Authority,LOW,Y,D,,"Single-operator brand (Miriam Salpeter) with six published books and an active social-media presence across five platforms -- reasoned as a niche authority, though smaller-scale than the Large-tier candidates in this batch.",UNKNOWN,UNKNOWN,UNKNOWN,Page metadata showed a July 2024 content update and active social accounts; no strong decline evidence found.,NOT_APPLICABLE,,UNKNOWN,UNKNOWN,UNKNOWN,"About page gives only ""20+ years of experience"" (Miriam Salpeter's career experience, not the blog's founding date); left UNKNOWN.",Similarweb,total visits,CONTENT_ONLY,3900,trailing_3_months,1300,"raw_3mo_total / 3, rounded to nearest integer",2026-09-17,Similarweb 'Total Visits Last 3 Months' snapshot; page accessed 2026-09-17,B,https://www.similarweb.com/website/keppiecareers.com/,"Similarweb free-tier estimate (""Total Visits Last 3 Months""); exact reporting month varied by page and was not independently reconciled beyond the trailing-3-month framing, so no specific month is asserted.",UNKNOWN,UNKNOWN,UNKNOWN,UNKNOWN,UNKNOWN,,N,C,https://www.keppiecareers.com/,Direct site observation: no display ad network visible.,N,C,https://www.keppiecareers.com/,Direct site observation: no affiliate disclosure found.,Y,C,https://www.keppiecareers.com/,"Direct site observation: sells six published books on networking, time management, and professional communication.",Y,C,https://www.keppiecareers.com/,"Direct site observation: 1:1 coaching/consulting on LinkedIn profiles, social media strategy, resumes; also speaking/keynotes.",Y,C,https://www.keppiecareers.com/,Direct site observation: 'Sign Up to Receive Special Offers & Free Gift' signup.,UNKNOWN,UNKNOWN,UNKNOWN,UNKNOWN,"No sitemap/index-count (or other automatable) content-scale proxy was collected during Study A Wave 001 research -- left UNKNOWN rather than backfill a guessed value, matching the A0 dataset's own precedent for this field."
introvertwhisperer.com,Introvert Whisperer,Introvert Whisperer,Career / Education,UNKNOWN,2026-09-17,Contrast Cohort,UNKNOWN,N,D,,Content-only site with a specific (introvert career advice) niche but no proprietary product/coaching brand or third-party recognition confirmed in this research pass.,Y,C,https://introvertwhisperer.com/,"Direct site observation: most recent visible article dated April 17, 2022, following an earlier gap from mid-2021 -- no newer content found as of this research (Sept 2026), consistent with a multi-year posting-cadence drop.",cadence_drop,Most recent visible post April 2022; no confirmed newer posts through Sept 2026 (~4+ years).,UNKNOWN,UNKNOWN,UNKNOWN,"No founding-year statement found; only a 2022 copyright year, which does not indicate founding; left UNKNOWN.",UNKNOWN,UNKNOWN,CONTENT_ONLY,UNKNOWN,UNKNOWN,UNKNOWN,UNKNOWN,UNKNOWN,UNKNOWN,UNKNOWN,UNKNOWN,"Similarweb page shows ""No Data Available"" for this domain; left UNKNOWN.",UNKNOWN,UNKNOWN,UNKNOWN,UNKNOWN,UNKNOWN,,UNKNOWN,UNKNOWN,UNKNOWN,,Y,C,https://introvertwhisperer.com/,Direct site observation: article content links to Princeton Review's GMAT page and a KapTest study-guide URL with an affiliate-style parameter structure.,N,C,https://introvertwhisperer.com/,Direct site observation: no owned product/course promoted on the visible content.,N,C,https://introvertwhisperer.com/,Direct site observation: no paid community/coaching promoted on the visible content.,N,C,https://introvertwhisperer.com/,Direct site observation: no newsletter signup found on the visible content.,UNKNOWN,UNKNOWN,UNKNOWN,UNKNOWN,"No sitemap/index-count (or other automatable) content-scale proxy was collected during Study A Wave 001 research -- left UNKNOWN rather than backfill a guessed value, matching the A0 dataset's own precedent for this field."
floretflowers.com,Floret Flowers,Floret Flowers,Gardening / Outdoor,UNKNOWN,2026-09-17,Large/Traffic Leader,MID,Y,D,,"Emmy-nominated documentary subject, four published books, and a proprietary flower-breeding program (Erin Benzakein) -- clearly an established niche authority in flower farming.",UNKNOWN,UNKNOWN,UNKNOWN,Actively selling new book pre-orders and running workshop enrollment; no evidence of decline.,NOT_APPLICABLE,,UNKNOWN,UNKNOWN,UNKNOWN,"No explicit founding-year statement found on About/Growing Floret pages (only relative ""last 15 years"" language on an undated page); left UNKNOWN rather than infer.",Similarweb,total visits,CONTENT_ONLY,166900,trailing_3_months,55633,"raw_3mo_total / 3, rounded to nearest integer",2026-09-17,Similarweb 'Total Visits Last 3 Months' snapshot; page accessed 2026-09-17,B,https://www.similarweb.com/website/floretflowers.com/,"Similarweb free-tier estimate (""Total Visits Last 3 Months""); exact reporting month varied by page and was not independently reconciled beyond the trailing-3-month framing, so no specific month is asserted.",UNKNOWN,UNKNOWN,UNKNOWN,UNKNOWN,UNKNOWN,,N,C,https://www.floretflowers.com/,Direct site observation: no display advertising found on the homepage.,N,C,https://www.floretflowers.com/,Direct site observation: no affiliate disclosure found; revenue model is owned seeds/products/media instead.,Y,C,https://www.floretflowers.com/,"Direct site observation: sells 'Floret Originals' farm-bred seeds/plants, four published books, and an Emmy-nominated documentary series (Growing Floret, on discovery+/HBO Max/Magnolia Network).",Y,C,https://www.floretflowers.com/,Direct site observation: paid Flower Farming and Flower Arranging workshops with a scholarship program (implying premium pricing).,Y,C,https://www.floretflowers.com/,Direct site observation: repeated newsletter-signup CTAs; free 'Dahlia Mini Course' used as a lead magnet.,UNKNOWN,UNKNOWN,UNKNOWN,UNKNOWN,"No sitemap/index-count (or other automatable) content-scale proxy was collected during Study A Wave 001 research -- left UNKNOWN rather than backfill a guessed value, matching the A0 dataset's own precedent for this field."
growveg.com,GrowVeg,GrowVeg,Gardening / Outdoor,UNKNOWN,2026-09-17,Large/Traffic Leader,MID,Y,D,,"Long-running (referenced across multiple gardening publications like Mother Earth News, Almanac.com) paid-subscription garden-planning tool with an associated published book -- reasoned as a niche authority.",UNKNOWN,UNKNOWN,UNKNOWN,No evidence of decline; subscription product and book actively promoted.,NOT_APPLICABLE,,UNKNOWN,UNKNOWN,UNKNOWN,No founding-year statement found (About page unreachable/404; no usable third-party history found); left UNKNOWN.,Similarweb,total visits,CONTENT_ONLY,188400,trailing_3_months,62800,"raw_3mo_total / 3, rounded to nearest integer",2026-09-17,Similarweb 'Total Visits Last 3 Months' snapshot; page accessed 2026-09-17,B,https://www.similarweb.com/website/growveg.com/,"Similarweb free-tier estimate (""Total Visits Last 3 Months""); exact reporting month varied by page and was not independently reconciled beyond the trailing-3-month framing, so no specific month is asserted.",UNKNOWN,UNKNOWN,UNKNOWN,UNKNOWN,UNKNOWN,,N,C,https://www.growveg.com/,Direct site observation: no display ad placements visible.,UNKNOWN,UNKNOWN,UNKNOWN,,Y,C,https://www.growveg.com/,"Direct site observation: also sells a published book (GrowVeg by Benedict Vanheems, via major retailers per search results) and gift certificates.",Y,C,https://www.growveg.com/,"Direct site observation: paid membership/subscription model centered on the 'Garden Planner' application, with 'Subscriptions & Pricing' in the footer.",UNKNOWN,UNKNOWN,UNKNOWN,,UNKNOWN,UNKNOWN,UNKNOWN,UNKNOWN,"No sitemap/index-count (or other automatable) content-scale proxy was collected during Study A Wave 001 research -- left UNKNOWN rather than backfill a guessed value, matching the A0 dataset's own precedent for this field."
gardenrant.com,GardenRant,GardenRant,Gardening / Outdoor,UNKNOWN,2026-09-17,Large/Traffic Leader,LOW,Y,D,,"Multi-author group blog operating continuously since 2006 with active Mediavine ad monetization and consistent high-volume output (9 articles in Sept 2026, 13-20/month typical per direct observation) -- reasoned as an established niche authority.",UNKNOWN,UNKNOWN,UNKNOWN,Directly observed as actively posting 13-20 articles/month as of Sept 2026 -- no decline; reclassified from an initial 'narrow niche' plan to Large/Traffic Leader based on this evidence.,NOT_APPLICABLE,,2006,A,https://www.gardenrant.com/,Operator direct statement: site describes itself as 'the home of independent garden-writing since 2006.',Similarweb,total visits,CONTENT_ONLY,45600,trailing_3_months,15200,"raw_3mo_total / 3, rounded to nearest integer",2026-09-17,Similarweb 'Total Visits Last 3 Months' snapshot; page accessed 2026-09-17,B,https://www.similarweb.com/website/gardenrant.com/,"Similarweb free-tier estimate (""Total Visits Last 3 Months""); exact reporting month varied by page and was not independently reconciled beyond the trailing-3-month framing, so no specific month is asserted.",UNKNOWN,UNKNOWN,UNKNOWN,UNKNOWN,UNKNOWN,,Y,C,https://www.gardenrant.com/,Direct site observation: site sells Mediavine ad placements.,Y,C,https://www.gardenrant.com/,"Direct site observation: explicit disclosure -- 'As an Amazon Associate, we earn commissions from qualifying purchases.'",Y,C,https://www.gardenrant.com/,Direct site observation: sells branded merchandise/gear through a shop section.,N,C,https://www.gardenrant.com/,Direct site observation: no paid course/community found; multi-author group blog model instead.,Y,C,https://www.gardenrant.com/,Direct site observation: free email subscription for new articles.,UNKNOWN,UNKNOWN,UNKNOWN,UNKNOWN,"No sitemap/index-count (or other automatable) content-scale proxy was collected during Study A Wave 001 research -- left UNKNOWN rather than backfill a guessed value, matching the A0 dataset's own precedent for this field."
gardentherapy.ca,Garden Therapy,Garden Therapy,Gardening / Outdoor,UNKNOWN,2026-09-17,Mid-scale Active Site,MID,Y,D,,"Operating since 2009 with multiple published books, a paid course platform, and press features (per 'Featured in' logos) -- reasoned as a niche authority (Stephanie Rose, permaculture designer/herbalist).",UNKNOWN,UNKNOWN,UNKNOWN,Active book and course sales; no evidence of decline.,NOT_APPLICABLE,,2009,A,https://www.gardentherapy.ca/,Operator direct statement: footer copyright reads 'Garden therapy 2009-2026.',Similarweb,total visits,CONTENT_ONLY,100300,trailing_3_months,33433,"raw_3mo_total / 3, rounded to nearest integer",2026-09-17,Similarweb 'Total Visits Last 3 Months' snapshot; page accessed 2026-09-17,B,https://www.similarweb.com/website/gardentherapy.ca/,"Similarweb free-tier estimate (""Total Visits Last 3 Months""); exact reporting month varied by page and was not independently reconciled beyond the trailing-3-month framing, so no specific month is asserted.",UNKNOWN,UNKNOWN,UNKNOWN,UNKNOWN,UNKNOWN,,N,C,https://www.gardentherapy.ca/,Direct site observation: no display ad placements visible.,Y,C,https://www.gardentherapy.ca/,Direct site observation: explicit disclosure -- 'As an Amazon Associate I earn from qualifying purchases.',Y,C,https://www.gardentherapy.ca/,"Direct site observation: sells multiple books (The Wild & Free Garden, Regenerative Garden, Garden Alchemy) and paid courses via courses.gardentherapy.ca.",Y,C,https://www.gardentherapy.ca/,Direct site observation: dedicated course login portal at courses.gardentherapy.ca.,Y,C,https://www.gardentherapy.ca/,Direct site observation: weekly Substack-based newsletter delivery offered.,UNKNOWN,UNKNOWN,UNKNOWN,UNKNOWN,"No sitemap/index-count (or other automatable) content-scale proxy was collected during Study A Wave 001 research -- left UNKNOWN rather than backfill a guessed value, matching the A0 dataset's own precedent for this field."
simplifygardening.com,Simplify Gardening,Simplify Gardening,Gardening / Outdoor,UNKNOWN,2026-09-17,Mid-scale Active Site,UNKNOWN,Y,D,,"458,000+ YouTube subscribers (per direct site observation) and 19 published books indicate a large, established audience -- reasoned as a niche authority.",UNKNOWN,UNKNOWN,UNKNOWN,Actively promoting a new AI product (GrowTrack) with a free-trial funnel; no evidence of decline.,NOT_APPLICABLE,,2007,A,https://simplifygardening.com/,Operator direct statement: site notes 'Online since 2007. Rebranded as Simplify Gardening 2018.',UNKNOWN,UNKNOWN,CONTENT_ONLY,UNKNOWN,UNKNOWN,UNKNOWN,UNKNOWN,UNKNOWN,UNKNOWN,UNKNOWN,UNKNOWN,Similarweb page for this domain shows no visible Total Visits figure; left UNKNOWN rather than guess.,UNKNOWN,UNKNOWN,UNKNOWN,UNKNOWN,UNKNOWN,,UNKNOWN,UNKNOWN,UNKNOWN,,UNKNOWN,UNKNOWN,UNKNOWN,,Y,C,https://simplifygardening.com/,Direct site observation: sells 'GrowTrack' AI garden-planning subscription (14-day free trial) and 19 published books.,Y,C,https://simplifygardening.com/,Direct site observation: GrowTrack subscription functions as a paid ongoing product/service.,Y,C,https://simplifygardening.com/,Direct site observation: 'GreenThumb Digest' weekly newsletter.,UNKNOWN,UNKNOWN,UNKNOWN,UNKNOWN,"No sitemap/index-count (or other automatable) content-scale proxy was collected during Study A Wave 001 research -- left UNKNOWN rather than backfill a guessed value, matching the A0 dataset's own precedent for this field."
thesurvivalgardener.com,The Survival Gardener,The Survival Gardener,Gardening / Outdoor,UNKNOWN,2026-09-17,Narrow Niche Authority,LOW,Y,D,,"Author 'David The Good' operates a physical farm (Atmore Farm & Garden) alongside the blog, with multiple published books in the specific survival/off-grid gardening niche -- reasoned as a niche authority.",UNKNOWN,UNKNOWN,UNKNOWN,No evidence of decline found; site markets itself as actively human-authored ('NOT written by AI').,NOT_APPLICABLE,,2012,A,https://www.thesurvivalgardener.com/about/,"Operator direct statement: ""Back in August 2012 this site started as FloridaSurvivalGardening.com and rapidly grew in readership until it was obvious that just covering Florida wasn't enough.""",Similarweb,total visits,CONTENT_ONLY,39600,trailing_3_months,13200,"raw_3mo_total / 3, rounded to nearest integer",2026-09-17,Similarweb 'Total Visits Last 3 Months' snapshot; page accessed 2026-09-17,B,https://www.similarweb.com/website/thesurvivalgardener.com/,"Similarweb free-tier estimate (""Total Visits Last 3 Months""); exact reporting month varied by page and was not independently reconciled beyond the trailing-3-month framing, so no specific month is asserted.",UNKNOWN,UNKNOWN,UNKNOWN,UNKNOWN,UNKNOWN,,UNKNOWN,UNKNOWN,UNKNOWN,,Y,C,https://www.thesurvivalgardener.com/,Direct site observation: dedicated 'Recommended Books and Tools'/'Best Gardening Tools' resource pages steering to product recommendations.,Y,C,https://www.thesurvivalgardener.com/,"Direct site observation: sells consultations, hand-forged gardening tools, and multiple published books (Minimalist Gardening, The Independent Farmstead).",UNKNOWN,UNKNOWN,UNKNOWN,,Y,C,https://www.thesurvivalgardener.com/,Direct site observation: 'The Survival Gardener Newsletter' referenced directly in article notes.,UNKNOWN,UNKNOWN,UNKNOWN,UNKNOWN,"No sitemap/index-count (or other automatable) content-scale proxy was collected during Study A Wave 001 research -- left UNKNOWN rather than backfill a guessed value, matching the A0 dataset's own precedent for this field."
selfsufficientme.com,Self Sufficient Me,Self Sufficient Me,Gardening / Outdoor,UNKNOWN,2026-09-17,Narrow Niche Authority,LOW,Y,D,,2.37 million YouTube subscribers (per direct site observation) with a dedicated self-sufficiency/backyard-gardening niche -- reasoned as a strong niche authority despite the specific vertical.,UNKNOWN,UNKNOWN,UNKNOWN,Actively promoting a new AI coaching product (HomeGrow); no evidence of decline.,NOT_APPLICABLE,,2011,A,https://www.selfsufficientme.com/about/,"Operator direct statement: ""Self Sufficient Me was founded by Mark in 2011 and is a family run blog about sharing practical information on self-sufficiency.""",Similarweb,total visits,CONTENT_ONLY,27500,trailing_3_months,9167,"raw_3mo_total / 3, rounded to nearest integer",2026-09-17,Similarweb 'Total Visits Last 3 Months' snapshot; page accessed 2026-09-17,B,https://www.similarweb.com/website/selfsufficientme.com/,"Similarweb free-tier estimate (""Total Visits Last 3 Months""); exact reporting month varied by page and was not independently reconciled beyond the trailing-3-month framing, so no specific month is asserted.",UNKNOWN,UNKNOWN,UNKNOWN,UNKNOWN,UNKNOWN,,Y,C,https://selfsufficientme.com/,Direct site observation: Google Site Kit integration indicates display-ad placements.,Y,C,https://selfsufficientme.com/,"Direct site observation: extensive affiliate links with unique discount codes (e.g. 'SSMEbird', 'SSME10') for gardening products.",Y,C,https://selfsufficientme.com/,Direct site observation: branded shop (shop.selfsufficientme.com) and a published book ('100 Top Crops You Can Grow').,Y,C,https://selfsufficientme.com/,Direct site observation: paid 'HomeGrow' AI coaching app and a tiered Patreon membership with VIP mentoring at the top tier.,Y,C,https://selfsufficientme.com/,Direct site observation: email capture forms present.,UNKNOWN,UNKNOWN,UNKNOWN,UNKNOWN,"No sitemap/index-count (or other automatable) content-scale proxy was collected during Study A Wave 001 research -- left UNKNOWN rather than backfill a guessed value, matching the A0 dataset's own precedent for this field."
rootsimple.com,Root Simple,Root Simple,Gardening / Outdoor,UNKNOWN,2026-09-17,Contrast Cohort,LOW,Y,D,,"Two published books (one via Rodale) and a long operating history (Erik Knutzen and Kelly Coyne, urban homesteading niche) -- reasoned as an established niche authority, now in decline (see contrast fields).",Y,C,https://www.rootsimple.com/,"Direct site observation: only 5 posts found across the 9 months preceding the most recent post (May 30, 2026); the author explicitly acknowledges a 'long time' absence from posting in the January 2026 entry; archive pagination (757 pages) confirms a much higher historical output.",cadence_drop,"5 posts across Sept 2025-May 2026 vs. an extensive multi-year archive (757 pages) from the blog's earlier, much more active years.",UNKNOWN,UNKNOWN,UNKNOWN,"No explicit founding-year statement found on About page; earliest concrete date found was an about-page metadata timestamp (2012-01-18), which reflects when that PAGE was published, not when the blog started; left UNKNOWN rather than infer.",Similarweb,total visits,CONTENT_ONLY,28600,trailing_3_months,9533,"raw_3mo_total / 3, rounded to nearest integer",2026-09-17,Similarweb 'Total Visits Last 3 Months' snapshot; page accessed 2026-09-17,B,https://www.similarweb.com/website/rootsimple.com/,"Similarweb free-tier estimate (""Total Visits Last 3 Months""); exact reporting month varied by page and was not independently reconciled beyond the trailing-3-month framing, so no specific month is asserted.",UNKNOWN,UNKNOWN,UNKNOWN,UNKNOWN,UNKNOWN,,N,C,https://www.rootsimple.com/,Direct site observation: no traditional ad networks found on the page.,Y,C,https://www.rootsimple.com/,Direct site observation: explicit disclosure -- 'As an Amazon Associate I earn from qualifying purchases.',Y,C,https://www.rootsimple.com/,Direct site observation: two published books (The Urban Homestead; Making It: Radical Home Ec for a Post-Consumer World).,Y,C,https://www.rootsimple.com/,Direct site observation: Patreon and PayPal donation buttons in the sidebar.,UNKNOWN,UNKNOWN,UNKNOWN,,UNKNOWN,UNKNOWN,UNKNOWN,UNKNOWN,"No sitemap/index-count (or other automatable) content-scale proxy was collected during Study A Wave 001 research -- left UNKNOWN rather than backfill a guessed value, matching the A0 dataset's own precedent for this field."
yougrowgirl.com,You Grow Girl,You Grow Girl,Gardening / Outdoor,UNKNOWN,2026-09-17,Contrast Cohort,LOW,Y,D,,"Founding text of the DIY/urban-gardening blog genre (Gayla Trail, six published books, active since ~2000) -- reasoned as a historically significant niche authority, now dormant (see contrast fields).",Y,C,https://www.yougrowgirl.com/,"Direct site observation: most recent dated post references a book published February 1, 2022; no posts found from 2023-2026 despite a '(c)2026' copyright notice, indicating the blog itself has gone dormant while the founder remains active elsewhere (gaylatrail.com, Substack).",cadence_drop,Most recent dated post ~Feb 2022; no confirmed new posts through Sept 2026 (~4+ years).,2000,A,https://www.yougrowgirl.com/about/,"Operator direct statement: ""You Grow Girl(TM) was launched by Gayla Trail in February 2000.""",Similarweb,total visits,CONTENT_ONLY,15600,trailing_3_months,5200,"raw_3mo_total / 3, rounded to nearest integer",2026-09-17,Similarweb 'Total Visits Last 3 Months' snapshot; page accessed 2026-09-17,B,https://www.similarweb.com/website/yougrowgirl.com/,"Similarweb free-tier estimate (""Total Visits Last 3 Months""); exact reporting month varied by page and was not independently reconciled beyond the trailing-3-month framing, so no specific month is asserted.",UNKNOWN,UNKNOWN,UNKNOWN,UNKNOWN,UNKNOWN,,N,C,https://www.yougrowgirl.com/,Direct site observation: no ads or paywalls visible.,UNKNOWN,UNKNOWN,UNKNOWN,,Y,C,https://www.yougrowgirl.com/,"Direct site observation: six published books by founder Gayla Trail, promoted via a homepage banner; also a dedicated shop section.",UNKNOWN,UNKNOWN,UNKNOWN,,N,C,https://www.yougrowgirl.com/,Direct site observation: no newsletter signup form visible.,UNKNOWN,UNKNOWN,UNKNOWN,UNKNOWN,"No sitemap/index-count (or other automatable) content-scale proxy was collected during Study A Wave 001 research -- left UNKNOWN rather than backfill a guessed value, matching the A0 dataset's own precedent for this field."
coldclimategardening.com,Cold Climate Gardening,Cold Climate Gardening,Gardening / Outdoor,UNKNOWN,2026-09-17,Contrast Cohort,LOW,Y,D,,"Archive dates back to 2002 with continuous operation into 2025 -- a long-running, specific-niche (cold-climate/zone gardening) authority, now with reduced posting cadence (see contrast fields).",Y,C,https://www.coldclimategardening.com/,"Direct site observation: most recent post found dated February 19, 2025 (over a year before this research); posting frequency described as sporadic against a 2002-era archive baseline.",cadence_drop,Most recent post Feb 2025 (over a year stale as of Sept 2026) vs. a continuous archive since 2002.,2002,A,https://www.coldclimategardening.com/2012/08/27/cold-climate-gardening-is-ten-years-old-today/,"Operator direct statement in 10th-anniversary post: ""On this day in 2002, I wrote my first blog post.""",Similarweb,total visits,CONTENT_ONLY,7800,trailing_3_months,2600,"raw_3mo_total / 3, rounded to nearest integer",2026-09-17,Similarweb 'Total Visits Last 3 Months' snapshot; page accessed 2026-09-17,B,https://www.similarweb.com/website/coldclimategardening.com/,"Similarweb free-tier estimate (""Total Visits Last 3 Months""); exact reporting month varied by page and was not independently reconciled beyond the trailing-3-month framing, so no specific month is asserted.",UNKNOWN,UNKNOWN,UNKNOWN,UNKNOWN,UNKNOWN,,N,C,https://www.coldclimategardening.com/,Direct site observation: no banner ads or ad networks visible.,Y,C,https://www.coldclimategardening.com/,Direct site observation: Amazon affiliate links (amzn.to URLs) embedded in post content.,Y,C,https://www.coldclimategardening.com/,Direct site observation: promotes 'Buy Bixley's Book' for sale.,UNKNOWN,UNKNOWN,UNKNOWN,,Y,C,https://www.coldclimategardening.com/,Direct site observation: email capture form offering blog-post notifications/newsletter.,UNKNOWN,UNKNOWN,UNKNOWN,UNKNOWN,"No sitemap/index-count (or other automatable) content-scale proxy was collected during Study A Wave 001 research -- left UNKNOWN rather than backfill a guessed value, matching the A0 dataset's own precedent for this field."
techiedelight.com,Techie Delight,Techie Delight,Software / Tech Tutorials,UNKNOWN,2026-09-17,Large/Traffic Leader,LOW,Y,D,,Describes itself as 'a leading platform for technical interview preparation' with a large data-structures article collection and an integrated coding tool -- reasoned as a niche authority in the interview-prep sub-niche.,UNKNOWN,UNKNOWN,UNKNOWN,No evidence of decline found in this research pass.,NOT_APPLICABLE,,UNKNOWN,UNKNOWN,UNKNOWN,No founding-year statement found in available sources; left UNKNOWN.,Similarweb,total visits,CONTENT_ONLY,19900,trailing_3_months,6633,"raw_3mo_total / 3, rounded to nearest integer",2026-09-17,Similarweb 'Total Visits Last 3 Months' snapshot; page accessed 2026-09-17,B,https://www.similarweb.com/website/techiedelight.com/,"Similarweb free-tier estimate (""Total Visits Last 3 Months""); exact reporting month varied by page and was not independently reconciled beyond the trailing-3-month framing, so no specific month is asserted.",UNKNOWN,UNKNOWN,UNKNOWN,UNKNOWN,UNKNOWN,,UNKNOWN,UNKNOWN,UNKNOWN,,UNKNOWN,UNKNOWN,UNKNOWN,,Y,C,https://www.techiedelight.com/,Direct site observation: integrated online IDE and coding-problem repository ('a leading platform for technical interview preparation').,UNKNOWN,UNKNOWN,UNKNOWN,,UNKNOWN,UNKNOWN,UNKNOWN,,UNKNOWN,UNKNOWN,UNKNOWN,UNKNOWN,"No sitemap/index-count (or other automatable) content-scale proxy was collected during Study A Wave 001 research -- left UNKNOWN rather than backfill a guessed value, matching the A0 dataset's own precedent for this field."
reactgo.com,Reactgo,Reactgo,Software / Tech Tutorials,UNKNOWN,2026-09-17,Mid-scale Active Site,LOW,N,D,,"Single-author (Sai Gowtham) JavaScript-framework tutorial site; no distinguishing scale/authority signal (e.g. large following, published book) was confirmed in this research pass.",UNKNOWN,UNKNOWN,UNKNOWN,No evidence of decline found.,NOT_APPLICABLE,,UNKNOWN,UNKNOWN,UNKNOWN,No founding-year statement found in available sources; left UNKNOWN.,Similarweb,total visits,CONTENT_ONLY,8600,trailing_3_months,2867,"raw_3mo_total / 3, rounded to nearest integer",2026-09-17,Similarweb 'Total Visits Last 3 Months' snapshot; page accessed 2026-09-17,B,https://www.similarweb.com/website/reactgo.com/,"Similarweb free-tier estimate (""Total Visits Last 3 Months""); exact reporting month varied by page and was not independently reconciled beyond the trailing-3-month framing, so no specific month is asserted.",UNKNOWN,UNKNOWN,UNKNOWN,UNKNOWN,UNKNOWN,,Y,C,https://reactgo.com/,Direct site observation: 'Become a Sponsor' page offering paid ad placement to the audience.,Y,C,https://reactgo.com/,Direct site observation: dedicated 'Affiliate Disclosure' page linked in the footer.,N,C,https://reactgo.com/,Direct site observation: no owned course/product found; monetizes via sponsorship and affiliate links on tutorial/roundup content instead.,N,C,https://reactgo.com/,Direct site observation: no paid community found.,Y,C,https://reactgo.com/,Direct site observation: email signup CTA 'Get my latest tutorials.',UNKNOWN,UNKNOWN,UNKNOWN,UNKNOWN,"No sitemap/index-count (or other automatable) content-scale proxy was collected during Study A Wave 001 research -- left UNKNOWN rather than backfill a guessed value, matching the A0 dataset's own precedent for this field."
ezzylearning.net,EzzyLearning.net,EzzyLearning.net,Software / Tech Tutorials,UNKNOWN,2026-09-17,Mid-scale Active Site,UNKNOWN,N,D,,Focused .NET/ASP.NET/Blazor tutorial site with an associated YouTube channel; no distinguishing scale/authority signal was confirmed in this research pass.,UNKNOWN,UNKNOWN,UNKNOWN,No evidence of decline found.,NOT_APPLICABLE,,2005,A,https://www.ezzylearning.net/our-story,"Operator direct statement: ""EzzyLearning.net was founded in the summer of 2005 with a mission to provide programmers and developers an online website where they can find tutorials about the latest tools and technologies.""",UNKNOWN,UNKNOWN,CONTENT_ONLY,UNKNOWN,UNKNOWN,UNKNOWN,UNKNOWN,UNKNOWN,UNKNOWN,UNKNOWN,UNKNOWN,Similarweb page for this domain shows no visible Total Visits figure (chart area empty/gated); left UNKNOWN.,UNKNOWN,UNKNOWN,UNKNOWN,UNKNOWN,UNKNOWN,,UNKNOWN,UNKNOWN,UNKNOWN,"note: footer has an 'Advertise' link, suggesting ad sales, but no ad network was directly observed rendering on the fetched homepage excerpt.",UNKNOWN,UNKNOWN,UNKNOWN,,N,C,https://www.ezzylearning.net/,"Direct site observation: content is free tutorials/cheat sheets (ASP.NET Core, Blazor, C#, Docker); no paid product found.",N,C,https://www.ezzylearning.net/,Direct site observation: no paid community found; YouTube channel (@ezzylearningofficial) is free.,Y,C,https://www.ezzylearning.net/,Direct site observation: email subscription CTA for regular post updates.,UNKNOWN,UNKNOWN,UNKNOWN,UNKNOWN,"No sitemap/index-count (or other automatable) content-scale proxy was collected during Study A Wave 001 research -- left UNKNOWN rather than backfill a guessed value, matching the A0 dataset's own precedent for this field."
code4it.dev,Code4IT,Code4IT,Software / Tech Tutorials,UNKNOWN,2026-09-17,Mid-scale Active Site,LOW,N,D,,Single-author (Davide Bellone) .NET/Azure/backend tutorial blog; no distinguishing scale/authority signal was confirmed on the fetched homepage.,UNKNOWN,UNKNOWN,UNKNOWN,"Copyright footer reads '(c) 2026 by Davide Bellone', consistent with ongoing operation; no evidence of decline.",NOT_APPLICABLE,,UNKNOWN,UNKNOWN,UNKNOWN,"About page found but contains no founding-year statement (only its own 2021 publish metadata, which is not the blog's start date); left UNKNOWN.",Similarweb,total visits,CONTENT_ONLY,15600,trailing_3_months,5200,"raw_3mo_total / 3, rounded to nearest integer",2026-09-17,Similarweb 'Total Visits Last 3 Months' snapshot; page accessed 2026-09-17,B,https://www.similarweb.com/website/code4it.dev/,"Similarweb free-tier estimate (""Total Visits Last 3 Months""); exact reporting month varied by page and was not independently reconciled beyond the trailing-3-month framing, so no specific month is asserted.",UNKNOWN,UNKNOWN,UNKNOWN,UNKNOWN,UNKNOWN,,UNKNOWN,UNKNOWN,UNKNOWN,,UNKNOWN,UNKNOWN,UNKNOWN,,UNKNOWN,UNKNOWN,UNKNOWN,,UNKNOWN,UNKNOWN,UNKNOWN,,UNKNOWN,UNKNOWN,UNKNOWN,,UNKNOWN,UNKNOWN,UNKNOWN,UNKNOWN,"No sitemap/index-count (or other automatable) content-scale proxy was collected during Study A Wave 001 research -- left UNKNOWN rather than backfill a guessed value, matching the A0 dataset's own precedent for this field."
tyrrrz.me,Tyrrrz (Oleksii Holub),Tyrrrz (Oleksii Holub),Software / Tech Tutorials,UNKNOWN,2026-09-17,Mid-scale Active Site,LOW,N,D,,"Personal developer portfolio/blog (open-source maintainer, consultant); respected in its community but no independent scale evidence (readership numbers, book, etc.) was found in this research pass.",UNKNOWN,UNKNOWN,UNKNOWN,No evidence of decline found.,NOT_APPLICABLE,,UNKNOWN,UNKNOWN,UNKNOWN,About page not reachable (404); no founding-year statement found elsewhere; left UNKNOWN.,Similarweb,total visits,CONTENT_ONLY,15800,trailing_3_months,5267,"raw_3mo_total / 3, rounded to nearest integer",2026-09-17,Similarweb 'Total Visits Last 3 Months' snapshot; page accessed 2026-09-17,B,https://www.similarweb.com/website/tyrrrz.me/,"Similarweb free-tier estimate (""Total Visits Last 3 Months""); exact reporting month varied by page and was not independently reconciled beyond the trailing-3-month framing, so no specific month is asserted.",UNKNOWN,UNKNOWN,UNKNOWN,UNKNOWN,UNKNOWN,,N,C,https://tyrrrz.me/,Direct site observation: no display ads visible; site presents as a personal/professional portfolio.,N,C,https://tyrrrz.me/,Direct site observation: no affiliate links or disclosures found.,N,C,https://tyrrrz.me/,Direct site observation: no owned product/course found; a 'donate' link and open-source maintenance are the closest revenue signals.,N,C,https://tyrrrz.me/,Direct site observation: no paid community found.,UNKNOWN,UNKNOWN,UNKNOWN,,UNKNOWN,UNKNOWN,UNKNOWN,UNKNOWN,"No sitemap/index-count (or other automatable) content-scale proxy was collected during Study A Wave 001 research -- left UNKNOWN rather than backfill a guessed value, matching the A0 dataset's own precedent for this field."
jeremykun.com,Jeremy Kun,Jeremy Kun,Software / Tech Tutorials,UNKNOWN,2026-09-17,Narrow Niche Authority,LOW,Y,D,,Published author ('Practical Math for Programmers') with a decade-plus archive (posts referenced back to 2013) and active 2026 posting -- reasoned as a niche authority in the programming-math education niche.,UNKNOWN,UNKNOWN,UNKNOWN,"Direct observation confirmed consistent, moderate publishing frequency through 2026; no decline found.",NOT_APPLICABLE,,UNKNOWN,UNKNOWN,UNKNOWN,About page found but contains no founding-year statement; left UNKNOWN.,Similarweb,total visits,CONTENT_ONLY,23300,trailing_3_months,7767,"raw_3mo_total / 3, rounded to nearest integer",2026-09-17,Similarweb 'Total Visits Last 3 Months' snapshot; page accessed 2026-09-17,B,https://www.similarweb.com/website/jeremykun.com/,"Similarweb free-tier estimate (""Total Visits Last 3 Months""); exact reporting month varied by page and was not independently reconciled beyond the trailing-3-month framing, so no specific month is asserted.",UNKNOWN,UNKNOWN,UNKNOWN,UNKNOWN,UNKNOWN,,N,C,https://jeremykun.com/,Direct site observation: no ads or affiliate promotions visible.,N,C,https://jeremykun.com/,Direct site observation: no affiliate links found.,Y,C,https://jeremykun.com/,Direct site observation: promotes his book 'Practical Math for Programmers' with a mailing-list signup for future books.,UNKNOWN,UNKNOWN,UNKNOWN,,Y,C,https://jeremykun.com/,Direct site observation: Buttondown email newsletter signup.,UNKNOWN,UNKNOWN,UNKNOWN,UNKNOWN,"No sitemap/index-count (or other automatable) content-scale proxy was collected during Study A Wave 001 research -- left UNKNOWN rather than backfill a guessed value, matching the A0 dataset's own precedent for this field."
thegreenplace.net,Eli Bendersky's website,Eli Bendersky's website,Software / Tech Tutorials,UNKNOWN,2026-09-17,Narrow Niche Authority,MID,Y,D,,23-year continuous archive (since 2003) with a steady ~1 post every 1-2 weeks through Aug 2026 (directly observed) -- reasoned as an established individual technical-writing authority.,UNKNOWN,UNKNOWN,UNKNOWN,"Direct observation confirmed steady, undiminished posting cadence through August 2026 -- explicitly NOT classified as a contrast case despite originally being planned as one; the evidence did not support it.",NOT_APPLICABLE,,2003,A,https://eli.thegreenplace.net/,Operator direct statement: copyright notice indicates the site has been active since 2003.,Similarweb,total visits,CONTENT_ONLY,63800,trailing_3_months,21267,"raw_3mo_total / 3, rounded to nearest integer",2026-09-17,Similarweb 'Total Visits Last 3 Months' snapshot; page accessed 2026-09-17,B,https://www.similarweb.com/website/thegreenplace.net/,"Similarweb free-tier estimate (""Total Visits Last 3 Months""); exact reporting month varied by page and was not independently reconciled beyond the trailing-3-month framing, so no specific month is asserted.",UNKNOWN,UNKNOWN,UNKNOWN,UNKNOWN,UNKNOWN,,N,C,https://eli.thegreenplace.net/,"Direct site observation: no ads, sponsored content, affiliate links, or paywalls visible.",N,C,https://eli.thegreenplace.net/,Direct site observation: none found.,N,C,https://eli.thegreenplace.net/,Direct site observation: no owned product/course; purely a personal technical-writing blog.,N,C,https://eli.thegreenplace.net/,Direct site observation: none found.,N,C,https://eli.thegreenplace.net/,Direct site observation: no newsletter signup found.,UNKNOWN,UNKNOWN,UNKNOWN,UNKNOWN,"No sitemap/index-count (or other automatable) content-scale proxy was collected during Study A Wave 001 research -- left UNKNOWN rather than backfill a guessed value, matching the A0 dataset's own precedent for this field."
davidwalsh.name,David Walsh Blog,David Walsh Blog,Software / Tech Tutorials,UNKNOWN,2026-09-17,Narrow Niche Authority,LOW,Y,D,,Long-running (copyright '2007-2026' per direct observation) JavaScript/web-development blog with continued new content as recently as November 2025 -- reasoned as an established niche authority.,UNKNOWN,UNKNOWN,UNKNOWN,"Direct observation found a post dated November 19, 2025 with no memorial/discontinuation notice -- explicitly NOT classified as a contrast case, despite originally being planned as one on the assumption of author-related decline; the direct evidence contradicted that assumption, so it was dropped rather than forced.",NOT_APPLICABLE,,UNKNOWN,UNKNOWN,UNKNOWN,No founding-year statement found in available sources; left UNKNOWN.,Similarweb,total visits,CONTENT_ONLY,55200,trailing_3_months,18400,"raw_3mo_total / 3, rounded to nearest integer",2026-09-17,Similarweb 'Total Visits Last 3 Months' snapshot; page accessed 2026-09-17,B,https://www.similarweb.com/website/davidwalsh.name/,"Similarweb free-tier estimate (""Total Visits Last 3 Months""); exact reporting month varied by page and was not independently reconciled beyond the trailing-3-month framing, so no specific month is asserted.",UNKNOWN,UNKNOWN,UNKNOWN,UNKNOWN,UNKNOWN,,Y,C,https://davidwalsh.name/,Direct site observation: banner ad placements from Request Metrics (728x90 and 300x250 sizes) visible.,Y,C,https://davidwalsh.name/,Direct site observation: affiliate-style links/parameters to services including Cloudinary and RetroMetrics.,UNKNOWN,UNKNOWN,UNKNOWN,,UNKNOWN,UNKNOWN,UNKNOWN,,UNKNOWN,UNKNOWN,UNKNOWN,,UNKNOWN,UNKNOWN,UNKNOWN,UNKNOWN,"No sitemap/index-count (or other automatable) content-scale proxy was collected during Study A Wave 001 research -- left UNKNOWN rather than backfill a guessed value, matching the A0 dataset's own precedent for this field."
codinghorror.com,Coding Horror,Coding Horror,Software / Tech Tutorials,UNKNOWN,2026-09-17,Contrast Cohort,MID,Y,D,,"Jeff Atwood's blog, one of the most historically influential individual programming blogs (directly credited in this research with founding Stack Overflow and Discourse) -- reasoned as a major niche authority, now with a much-reduced posting cadence (see contrast fields).",Y,C,https://blog.codinghorror.com/,"Direct site observation: posting frequency dropped dramatically after the 2008-2010 period when the author founded Stack Overflow and Discourse; recent years show infrequent, irregular posting (e.g. 2026 posts in April, June, and August only) versus the near-daily cadence of the mid-2000s.",cadence_drop,Dramatic cadence drop beginning circa 2008-2010 (Stack Overflow/Discourse founding) through the present (3 posts across Apr-Aug 2026).,2004,A,https://blog.codinghorror.com/about-me/,"Operator direct statement: ""In 2004 I began this blog."" (Jeff Atwood)",Similarweb,total visits,CONTENT_ONLY,148500,trailing_3_months,49500,"raw_3mo_total / 3, rounded to nearest integer",2026-09-17,Similarweb 'Total Visits Last 3 Months' snapshot; page accessed 2026-09-17,B,https://www.similarweb.com/website/codinghorror.com/,"Similarweb free-tier estimate (""Total Visits Last 3 Months""); exact reporting month varied by page and was not independently reconciled beyond the trailing-3-month framing, so no specific month is asserted.",UNKNOWN,UNKNOWN,UNKNOWN,UNKNOWN,UNKNOWN,,N,C,https://blog.codinghorror.com/,Direct site observation: no advertisements visible; site runs on the Ghost platform.,UNKNOWN,UNKNOWN,UNKNOWN,,Y,C,https://blog.codinghorror.com/,Direct site observation: 'Own a Coding Horror' merchandise shop link.,UNKNOWN,UNKNOWN,UNKNOWN,,UNKNOWN,UNKNOWN,UNKNOWN,,UNKNOWN,UNKNOWN,UNKNOWN,UNKNOWN,"No sitemap/index-count (or other automatable) content-scale proxy was collected during Study A Wave 001 research -- left UNKNOWN rather than backfill a guessed value, matching the A0 dataset's own precedent for this field."
henrikwarne.com,Henrik Warne's blog,Henrik Warne's blog,Software / Tech Tutorials,UNKNOWN,2026-09-17,Contrast Cohort,LOW,Y,D,,"15+ years of substantive technical essays with sustained reader engagement (comments spanning that period, per direct observation) -- reasoned as a niche authority, now posting far less often (see contrast fields).",Y,C,https://henrikwarne.com/,"Direct site observation: 2011-2016 showed frequent (multiple/month) posting on topics like unit testing; 2024-2026 output has slowed to roughly one substantive post every 2-4 months, per direct comparison of the visible post history.",cadence_drop,"Multiple posts/month (2011-2016) down to ~1 post per 2-4 months (2024-2026), per direct site observation.",2011,A,https://henrikwarne.com/2017/11/26/6-years-of-thoughts-on-programming/,"Operator direct statement in anniversary post (published Nov 26, 2017): ""It is now more than 6 years since I started blogging about software development."" -> blog start ~2011.",Similarweb,total visits,CONTENT_ONLY,4900,trailing_3_months,1633,"raw_3mo_total / 3, rounded to nearest integer",2026-09-17,Similarweb 'Total Visits Last 3 Months' snapshot; page accessed 2026-09-17,B,https://www.similarweb.com/website/henrikwarne.com/,"Similarweb free-tier estimate (""Total Visits Last 3 Months""); exact reporting month varied by page and was not independently reconciled beyond the trailing-3-month framing, so no specific month is asserted.",UNKNOWN,UNKNOWN,UNKNOWN,UNKNOWN,UNKNOWN,,N,C,https://henrikwarne.com/,"Direct site observation: free, ad-free WordPress.com-hosted blog with no display advertising.",N,C,https://henrikwarne.com/,Direct site observation: no affiliate links found.,N,C,https://henrikwarne.com/,Direct site observation: no owned product/course.,N,C,https://henrikwarne.com/,Direct site observation: no paid community.,Y,C,https://henrikwarne.com/,Direct site observation: WordPress.com email-subscription widget ('Join 406 other subscribers').,UNKNOWN,UNKNOWN,UNKNOWN,UNKNOWN,"No sitemap/index-count (or other automatable) content-scale proxy was collected during Study A Wave 001 research -- left UNKNOWN rather than backfill a guessed value, matching the A0 dataset's own precedent for this field."
bemytravelmuse.com,Be My Travel Muse,Be My Travel Muse,Travel,UNKNOWN,2026-09-17,Large/Traffic Leader,MID,Y,D,,Established solo-female-travel authority with a 'partners' brand-collaboration section and its own tours brand -- reasoned as a niche authority.,UNKNOWN,UNKNOWN,UNKNOWN,No evidence of decline found; actively promoting tours and partnerships.,NOT_APPLICABLE,,2012,A,https://www.bemytravelmuse.com/about/,"Operator direct statement: ""I started Be My Travel Muse in September 2012 right after leaving a corporate job in California and buying a one-way ticket to Bangkok.""",Similarweb,total visits,CONTENT_ONLY,190700,trailing_3_months,63567,"raw_3mo_total / 3, rounded to nearest integer",2026-09-17,Similarweb 'Total Visits Last 3 Months' snapshot; page accessed 2026-09-17,B,https://www.similarweb.com/website/bemytravelmuse.com/,"Similarweb free-tier estimate (""Total Visits Last 3 Months""); exact reporting month varied by page and was not independently reconciled beyond the trailing-3-month framing, so no specific month is asserted.",UNKNOWN,UNKNOWN,UNKNOWN,UNKNOWN,UNKNOWN,,UNKNOWN,UNKNOWN,UNKNOWN,,Y,C,https://bemytravelmuse.com/,"Direct site observation: extensive product reviews/comparisons (luggage, backpacks, booking platforms) typical of affiliate-driven gear content.",Y,C,https://bemytravelmuse.com/,Direct site observation: 'Tours' menu links to a dedicated tours brand (bmtmadventures.com).,UNKNOWN,UNKNOWN,UNKNOWN,,Y,C,https://bemytravelmuse.com/,Direct site observation: weekly newsletter CTA ('insider knowledge of the best travel deals and miles and points building tips').,UNKNOWN,UNKNOWN,UNKNOWN,UNKNOWN,"No sitemap/index-count (or other automatable) content-scale proxy was collected during Study A Wave 001 research -- left UNKNOWN rather than backfill a guessed value, matching the A0 dataset's own precedent for this field."
findingtheuniverse.com,Finding the Universe,Finding the Universe,Travel,UNKNOWN,2026-09-17,Large/Traffic Leader,MID,Y,D,,"Runs a paid photography course with 2,500+ claimed students (per direct observation) plus a dedicated photo-licensing shop -- reasoned as a niche authority in travel photography.",UNKNOWN,UNKNOWN,UNKNOWN,No evidence of decline found; course actively promoted.,NOT_APPLICABLE,,2010,A,https://www.findingtheuniverse.com/about-me/,"Operator direct statement: ""This blog was started in May 2010 as a way to catalog his experiences and share his photos.""",Similarweb,total visits,CONTENT_ONLY,202700,trailing_3_months,67567,"raw_3mo_total / 3, rounded to nearest integer",2026-09-17,Similarweb 'Total Visits Last 3 Months' snapshot; page accessed 2026-09-17,B,https://www.similarweb.com/website/findingtheuniverse.com/,"Similarweb free-tier estimate (""Total Visits Last 3 Months""); exact reporting month varied by page and was not independently reconciled beyond the trailing-3-month framing, so no specific month is asserted.",UNKNOWN,UNKNOWN,UNKNOWN,UNKNOWN,UNKNOWN,,UNKNOWN,UNKNOWN,UNKNOWN,,Y,C,https://www.findingtheuniverse.com/,Direct site observation: numerous booking-site/gear recommendations and a 'Hire Us'/advertising page.,Y,C,https://www.findingtheuniverse.com/,"Direct site observation: sells a travel-photography course (travelphotographycourse.com) described as having 'over 2,500 other students.'",Y,C,https://www.findingtheuniverse.com/,Direct site observation: the photography course includes an 'exclusive membership of the course facebook community.',Y,C,https://www.findingtheuniverse.com/,Direct site observation: 'exclusive giveaways for newsletter subscribers.',UNKNOWN,UNKNOWN,UNKNOWN,UNKNOWN,"No sitemap/index-count (or other automatable) content-scale proxy was collected during Study A Wave 001 research -- left UNKNOWN rather than backfill a guessed value, matching the A0 dataset's own precedent for this field."
atlasandboots.com,Atlas & Boots,Atlas & Boots,Travel,UNKNOWN,2026-09-17,Mid-scale Active Site,MID,Y,D,,"Site claims to be 'read by over 250,000 people a month' (per direct observation) across treks, wildlife, and gear content -- reasoned as a niche authority.",UNKNOWN,UNKNOWN,UNKNOWN,No evidence of decline found.,NOT_APPLICABLE,,UNKNOWN,UNKNOWN,UNKNOWN,About/Meet the Founders pages found but contain no explicit founding-year statement; left UNKNOWN rather than infer.,Similarweb,total visits,CONTENT_ONLY,73600,trailing_3_months,24533,"raw_3mo_total / 3, rounded to nearest integer",2026-09-17,Similarweb 'Total Visits Last 3 Months' snapshot; page accessed 2026-09-17,B,https://www.similarweb.com/website/atlasandboots.com/,"Similarweb free-tier estimate (""Total Visits Last 3 Months""); exact reporting month varied by page and was not independently reconciled beyond the trailing-3-month framing, so no specific month is asserted.",UNKNOWN,UNKNOWN,UNKNOWN,UNKNOWN,UNKNOWN,,Y,C,https://www.atlasandboots.com/,Direct site observation: site references a media kit/advertise section in the footer.,Y,C,https://www.atlasandboots.com/,Direct site observation: gear-guide articles (e.g. 'How to choose a down jacket') typical of affiliate-monetized buying guides.,Y,C,https://www.atlasandboots.com/,Direct site observation: co-founder Kia Abdullah's novels are cross-promoted under a 'Great reads' section.,UNKNOWN,UNKNOWN,UNKNOWN,,Y,C,https://www.atlasandboots.com/,Direct site observation: email-capture popup observed.,UNKNOWN,UNKNOWN,UNKNOWN,UNKNOWN,"No sitemap/index-count (or other automatable) content-scale proxy was collected during Study A Wave 001 research -- left UNKNOWN rather than backfill a guessed value, matching the A0 dataset's own precedent for this field."
indietraveller.co,Indie Traveller,Indie Traveller,Travel,UNKNOWN,2026-09-17,Mid-scale Active Site,MID,N,D,,"Content-focused solo travel blog with video/vlog content; no independent scale signal (large audience, product, press) was confirmed in this research pass.",UNKNOWN,UNKNOWN,UNKNOWN,No evidence of decline found.,NOT_APPLICABLE,,2012,A,https://www.indietraveller.co/about/,"Operator direct statement: ""I started Indie Traveller in 2012 when I first headed off on my long-term travels."" (Marek Bron)",Similarweb,total visits,CONTENT_ONLY,474900,trailing_3_months,158300,"raw_3mo_total / 3, rounded to nearest integer",2026-09-17,Similarweb 'Total Visits Last 3 Months' snapshot; page accessed 2026-09-17,B,https://www.similarweb.com/website/indietraveller.co/,"Similarweb free-tier estimate (""Total Visits Last 3 Months""); exact reporting month varied by page and was not independently reconciled beyond the trailing-3-month framing, so no specific month is asserted.",UNKNOWN,UNKNOWN,UNKNOWN,UNKNOWN,UNKNOWN,,UNKNOWN,UNKNOWN,UNKNOWN,,Y,C,https://indietraveller.co/,Direct site observation: an article explicitly discusses 'How DOES a Travel Blog Actually Make Money?' referencing Travelpayouts affiliate partnerships.,N,C,https://indietraveller.co/,Direct site observation: no paid course/e-book found; content-plus-affiliate model instead.,N,C,https://indietraveller.co/,Direct site observation: no paid community found.,UNKNOWN,UNKNOWN,UNKNOWN,,UNKNOWN,UNKNOWN,UNKNOWN,UNKNOWN,"No sitemap/index-count (or other automatable) content-scale proxy was collected during Study A Wave 001 research -- left UNKNOWN rather than backfill a guessed value, matching the A0 dataset's own precedent for this field."
stingynomads.com,Stingy Nomads,Stingy Nomads,Travel,UNKNOWN,2026-09-17,Mid-scale Active Site,MID,Y,D,,Specific Camino de Santiago hiking-travel niche with its own planner app and shop -- reasoned as a niche authority in a narrow sub-vertical of travel.,UNKNOWN,UNKNOWN,UNKNOWN,No evidence of decline found.,NOT_APPLICABLE,,UNKNOWN,UNKNOWN,UNKNOWN,"Page found gives only relative language (""traveling together for 9 years"" as of an Oct 2021 page), which conflates travel start with blog start and is not a direct founding-year statement; left UNKNOWN.",Similarweb,total visits,CONTENT_ONLY,121100,trailing_3_months,40367,"raw_3mo_total / 3, rounded to nearest integer",2026-09-17,Similarweb 'Total Visits Last 3 Months' snapshot; page accessed 2026-09-17,B,https://www.similarweb.com/website/stingynomads.com/,"Similarweb free-tier estimate (""Total Visits Last 3 Months""); exact reporting month varied by page and was not independently reconciled beyond the trailing-3-month framing, so no specific month is asserted.",UNKNOWN,UNKNOWN,UNKNOWN,UNKNOWN,UNKNOWN,,Y,C,https://stingynomads.com/,Direct site observation: third-party ad-network imagery/placements visible.,Y,C,https://stingynomads.com/,Direct site observation: explicit disclosure -- participation in 'the Amazon Services LLC Associates Program and several other affiliate programs.',Y,C,https://stingynomads.com/,Direct site observation: 'CAMINO SHOP' branded merchandise and a proprietary Camino de Santiago planner app.,UNKNOWN,UNKNOWN,UNKNOWN,,Y,C,https://stingynomads.com/,Direct site observation: 'JOIN THE ADVENTURE!' newsletter signup section.,UNKNOWN,UNKNOWN,UNKNOWN,UNKNOWN,"No sitemap/index-count (or other automatable) content-scale proxy was collected during Study A Wave 001 research -- left UNKNOWN rather than backfill a guessed value, matching the A0 dataset's own precedent for this field."
neverendingfootsteps.com,Never Ending Footsteps,Never Ending Footsteps,Travel,UNKNOWN,2026-09-17,Narrow Niche Authority,MID,Y,D,,"Founder (Lauren) explicitly states she 'pay[s] for all my travels myself, don't take sponsored trips' (per direct site observation), positioning the site as an independent long-term-travel authority; specific monetization mechanism could not be confirmed from the homepage alone.",UNKNOWN,UNKNOWN,UNKNOWN,No evidence of decline found (though monetization details were not directly confirmed).,NOT_APPLICABLE,,UNKNOWN,UNKNOWN,UNKNOWN,About page gives only relative/indirect timeline hints (no explicit stated founding year); left UNKNOWN rather than infer.,Similarweb,total visits,CONTENT_ONLY,364500,trailing_3_months,121500,"raw_3mo_total / 3, rounded to nearest integer",2026-09-17,Similarweb 'Total Visits Last 3 Months' snapshot; page accessed 2026-09-17,B,https://www.similarweb.com/website/neverendingfootsteps.com/,"Similarweb free-tier estimate (""Total Visits Last 3 Months""); exact reporting month varied by page and was not independently reconciled beyond the trailing-3-month framing, so no specific month is asserted.",UNKNOWN,UNKNOWN,UNKNOWN,UNKNOWN,UNKNOWN,,UNKNOWN,UNKNOWN,UNKNOWN,,UNKNOWN,UNKNOWN,UNKNOWN,,UNKNOWN,UNKNOWN,UNKNOWN,,UNKNOWN,UNKNOWN,UNKNOWN,,UNKNOWN,UNKNOWN,UNKNOWN,,UNKNOWN,UNKNOWN,UNKNOWN,UNKNOWN,"No sitemap/index-count (or other automatable) content-scale proxy was collected during Study A Wave 001 research -- left UNKNOWN rather than backfill a guessed value, matching the A0 dataset's own precedent for this field."
nomadasaurus.com,NOMADasaurus,NOMADasaurus,Travel,UNKNOWN,2026-09-17,Narrow Niche Authority,MID,Y,D,,Runs a branded adventure-tours business alongside the blog (per direct observation) -- reasoned as a niche authority in adventure travel.,UNKNOWN,UNKNOWN,UNKNOWN,No evidence of decline found.,NOT_APPLICABLE,,2013,A,https://www.nomadasaurus.com/about/,"Operator direct statement: ""In October 2013 we decided that we would start a travel blog and came up with the name 'NOMADasaurus'.""",Similarweb,total visits,CONTENT_ONLY,90100,trailing_3_months,30033,"raw_3mo_total / 3, rounded to nearest integer",2026-09-17,Similarweb 'Total Visits Last 3 Months' snapshot; page accessed 2026-09-17,B,https://www.similarweb.com/website/nomadasaurus.com/,"Similarweb free-tier estimate (""Total Visits Last 3 Months""); exact reporting month varied by page and was not independently reconciled beyond the trailing-3-month framing, so no specific month is asserted.",UNKNOWN,UNKNOWN,UNKNOWN,UNKNOWN,UNKNOWN,,Y,C,https://nomadasaurus.com/,Direct site observation: Google Tag Manager plus Bing Webmaster verification tags indicate programmatic ad integration.,Y,C,https://nomadasaurus.com/,"Direct site observation: 'in-depth, honest gear reviews' across backpacks, cameras, camping equipment typical of affiliate-monetized buying guides.",Y,C,https://nomadasaurus.com/,Direct site observation: operates 'NOMADasaurus Adventure Tours' as a branded group-tour product.,UNKNOWN,UNKNOWN,UNKNOWN,,UNKNOWN,UNKNOWN,UNKNOWN,,UNKNOWN,UNKNOWN,UNKNOWN,UNKNOWN,"No sitemap/index-count (or other automatable) content-scale proxy was collected during Study A Wave 001 research -- left UNKNOWN rather than backfill a guessed value, matching the A0 dataset's own precedent for this field."
breathedreamgo.com,Breathe Dream Go,Breathe Dream Go,Travel,UNKNOWN,2026-09-17,Narrow Niche Authority,LOW,Y,D,,Specific India/South Asia travel niche with a dedicated custom-tours product and a media kit for brand partnerships -- reasoned as a niche authority in a narrow geographic sub-vertical.,UNKNOWN,UNKNOWN,UNKNOWN,No evidence of decline found.,NOT_APPLICABLE,,2009,A,https://breathedreamgo.com/celebrating-six-years-of-breathedreamgo/,"Operator direct statement in anniversary post (published Aug 23, 2015, ""the 6th anniversary of Breathedreamgo""): the blog ""was launched on Ganesh Chaturthi 2009.""",Similarweb,total visits,CONTENT_ONLY,26700,trailing_3_months,8900,"raw_3mo_total / 3, rounded to nearest integer",2026-09-17,Similarweb 'Total Visits Last 3 Months' snapshot; page accessed 2026-09-17,B,https://www.similarweb.com/website/breathedreamgo.com/,"Similarweb free-tier estimate (""Total Visits Last 3 Months""); exact reporting month varied by page and was not independently reconciled beyond the trailing-3-month framing, so no specific month is asserted.",UNKNOWN,UNKNOWN,UNKNOWN,UNKNOWN,UNKNOWN,,UNKNOWN,UNKNOWN,UNKNOWN,,UNKNOWN,UNKNOWN,UNKNOWN,"note: a Disclosure and Privacy Policy page is linked, implying affiliate disclosures exist, but the specific affiliate relationships were not directly observed in this research pass.",Y,C,https://breathedreamgo.com/,Direct site observation: 'India for Beginners' custom tours product.,N,C,https://breathedreamgo.com/,Direct site observation: no paid community found; tours and media partnerships are the closest owned-product signal.,Y,C,https://breathedreamgo.com/,Direct site observation: newsletter CTA ('inspiration to live your travel dreams') in multiple locations.,UNKNOWN,UNKNOWN,UNKNOWN,UNKNOWN,"No sitemap/index-count (or other automatable) content-scale proxy was collected during Study A Wave 001 research -- left UNKNOWN rather than backfill a guessed value, matching the A0 dataset's own precedent for this field."
legalnomads.com,Legal Nomads,Legal Nomads,Travel,UNKNOWN,2026-09-17,Contrast Cohort,MID,Y,D,,"Long-established solo travel-writing authority (Jodi Ettenberg) with published food-focused travel writing and a dedicated readership -- reasoned as a niche authority, now with a fundamentally changed focus (see contrast fields).",Y,A,https://www.legalnomads.com/,"Operator direct statement: 'In 2017, a lumbar puncture derailed my life when it left me with a chronic spinal CSF leak, and disabled. Though my travels ground to a halt as a result, Legal Nomads remains a place to share lessons from the road' and 'With my CSF leak, I cannot work as I used to.'",historically_declined,Chronic illness (CSF leak) since 2017 permanently reduced travel/output; operator's own account confirms 'travels ground to a halt.',2008,A,https://www.legalnomads.com/blog/,"Operator direct statement: ""All of the blog posts from Legal Nomads since I started the site in 2008."" (Jodi Ettenberg)",Similarweb,total visits,CONTENT_ONLY,115200,trailing_3_months,38400,"raw_3mo_total / 3, rounded to nearest integer",2026-09-17,Similarweb 'Total Visits Last 3 Months' snapshot; page accessed 2026-09-17,B,https://www.similarweb.com/website/legalnomads.com/,"Similarweb free-tier estimate (""Total Visits Last 3 Months""); exact reporting month varied by page and was not independently reconciled beyond the trailing-3-month framing, so no specific month is asserted.",UNKNOWN,UNKNOWN,UNKNOWN,UNKNOWN,UNKNOWN,,UNKNOWN,UNKNOWN,UNKNOWN,,UNKNOWN,UNKNOWN,UNKNOWN,,Y,C,https://www.legalnomads.com/,Direct site observation: sells food-art and typographic posters via an online shop.,Y,C,https://www.legalnomads.com/,Direct site observation: Patreon-based recurring-support membership.,Y,C,https://www.legalnomads.com/,Direct site observation: free monthly newsletter.,UNKNOWN,UNKNOWN,UNKNOWN,UNKNOWN,"No sitemap/index-count (or other automatable) content-scale proxy was collected during Study A Wave 001 research -- left UNKNOWN rather than backfill a guessed value, matching the A0 dataset's own precedent for this field."
youngadventuress.com,Young Adventuress,Young Adventuress,Travel,UNKNOWN,2026-09-17,Contrast Cohort,LOW,Y,D,,"Author holds a 'Lonely Planet author & correspondent' credential (per direct observation) and has pivoted into polar-expedition guiding -- reasoned as a former mainstream travel-blog niche authority, now largely inactive as a blog (see contrast fields).",Y,C,https://youngadventuress.com/,"Direct site observation: the most recent post found was 'A big life update: join me in the Arctic' dated July 2024 -- no newer posts found as of this research (Sept 2026), a gap of over two years, coinciding with the author's pivot to guided polar expeditions.",cadence_drop,"Most recent post July 2024; no confirmed newer posts through Sept 2026 (~2+ years), alongside an explicit pivot to guiding work.",2003,A,https://youngadventuress.com/start-here,"Operator direct statement (page published 2017-02-02 per metadata): ""I started this blog 14 years ago when I was getting ready to move to Spain to teach English and procrastinate on life."" 2017-14=2003.",Similarweb,total visits,CONTENT_ONLY,41000,trailing_3_months,13667,"raw_3mo_total / 3, rounded to nearest integer",2026-09-17,Similarweb 'Total Visits Last 3 Months' snapshot; page accessed 2026-09-17,B,https://www.similarweb.com/website/youngadventuress.com/,"Similarweb free-tier estimate (""Total Visits Last 3 Months""); exact reporting month varied by page and was not independently reconciled beyond the trailing-3-month framing, so no specific month is asserted.",UNKNOWN,UNKNOWN,UNKNOWN,UNKNOWN,UNKNOWN,,UNKNOWN,UNKNOWN,UNKNOWN,,UNKNOWN,UNKNOWN,UNKNOWN,,Y,C,https://youngadventuress.com/,Direct site observation: promotes a paid Arctic expedition-guiding experience ('join me in the Arctic').,Y,C,https://youngadventuress.com/,Direct site observation: 'How to start a travel blog' / 'How to get paid to travel' paid-adjacent guides.,Y,C,https://youngadventuress.com/,Direct site observation: newsletter signup emphasizing 'travel blogging and social media tips.',UNKNOWN,UNKNOWN,UNKNOWN,UNKNOWN,"No sitemap/index-count (or other automatable) content-scale proxy was collected during Study A Wave 001 research -- left UNKNOWN rather than backfill a guessed value, matching the A0 dataset's own precedent for this field."
becomingminimalist.com,Becoming Minimalist,Becoming Minimalist,Other Strong Niche,UNKNOWN,2026-09-17,Large/Traffic Leader,MID,Y,D,,"Author runs a professional certification program (Becker Method) and paid membership, with speaking engagements -- reasoned as an established niche authority in the minimalism/lifestyle space.",UNKNOWN,UNKNOWN,UNKNOWN,No evidence of decline found; certification and membership actively promoted.,NOT_APPLICABLE,,2008,A,https://www.becomingminimalist.com/the-journey-begins/,"Operator direct statement, first blog post dated May 28, 2008: ""It all started harmless enough on a spring Saturday morning as my 5-year old son and I went to clean the garage."" (Joshua Becker)",Similarweb,total visits,CONTENT_ONLY,252300,trailing_3_months,84100,"raw_3mo_total / 3, rounded to nearest integer",2026-09-17,Similarweb 'Total Visits Last 3 Months' snapshot; page accessed 2026-09-17,B,https://www.similarweb.com/website/becomingminimalist.com/,"Similarweb free-tier estimate (""Total Visits Last 3 Months""); exact reporting month varied by page and was not independently reconciled beyond the trailing-3-month framing, so no specific month is asserted.",UNKNOWN,UNKNOWN,UNKNOWN,UNKNOWN,UNKNOWN,,UNKNOWN,UNKNOWN,UNKNOWN,,UNKNOWN,UNKNOWN,UNKNOWN,,Y,C,https://www.becomingminimalist.com/,"Direct site observation: sells books, a paid membership ('The Minimalist Life'), and a professional 'Becker Method Certified' certification program.",Y,C,https://www.becomingminimalist.com/,Direct site observation: paid membership program and certification course.,Y,C,https://www.becomingminimalist.com/,Direct site observation: 'Sign up to receive these posts delivered directly to your inbox for free.',UNKNOWN,UNKNOWN,UNKNOWN,UNKNOWN,"No sitemap/index-count (or other automatable) content-scale proxy was collected during Study A Wave 001 research -- left UNKNOWN rather than backfill a guessed value, matching the A0 dataset's own precedent for this field."
winefolly.com,Wine Folly,Wine Folly,Other Strong Niche,UNKNOWN,2026-09-17,Large/Traffic Leader,MID,Y,D,,"Claims over 20,000 course students and a 4.8-star rating across 4,079 reviews (per direct site observation), plus a full e-commerce shop and membership tier -- reasoned as a major niche authority in wine education.",UNKNOWN,UNKNOWN,UNKNOWN,No evidence of decline found; actively selling courses and membership.,NOT_APPLICABLE,,2011,A,https://winefolly.com/about-us/,"Operator direct statement: ""Wine Folly first launched in 2011 in Seattle, Washington.""",Similarweb,total visits,CONTENT_ONLY,396200,trailing_3_months,132067,"raw_3mo_total / 3, rounded to nearest integer",2026-09-17,Similarweb 'Total Visits Last 3 Months' snapshot; page accessed 2026-09-17,B,https://www.similarweb.com/website/winefolly.com/,"Similarweb free-tier estimate (""Total Visits Last 3 Months""); exact reporting month varied by page and was not independently reconciled beyond the trailing-3-month framing, so no specific month is asserted.",UNKNOWN,UNKNOWN,UNKNOWN,UNKNOWN,UNKNOWN,,UNKNOWN,UNKNOWN,UNKNOWN,,UNKNOWN,UNKNOWN,UNKNOWN,,Y,C,https://winefolly.com/,"Direct site observation: sells online courses (Wine 101/201, regional courses), physical products (books, maps, posters, glassware) via a shop, and a wine club.",Y,C,https://winefolly.com/,"Direct site observation: 'Wine Folly+' premium membership with member-exclusive tools; site claims 'over 20,000 students.'",Y,C,https://winefolly.com/,Direct site observation: 'Subscribe Free & Never Miss A Week' newsletter CTA.,UNKNOWN,UNKNOWN,UNKNOWN,UNKNOWN,"No sitemap/index-count (or other automatable) content-scale proxy was collected during Study A Wave 001 research -- left UNKNOWN rather than backfill a guessed value, matching the A0 dataset's own precedent for this field."
theminimalists.com,The Minimalists,The Minimalists,Other Strong Niche,UNKNOWN,2026-09-17,Large/Traffic Leader,MID,Y,D,,"New York Times-bestselling authors (per direct observation) with a documentary, live tour, and long-running podcast (556+ episodes observed) -- clearly an established niche authority.",UNKNOWN,UNKNOWN,UNKNOWN,"Direct observation found high current activity (active tour promotion, current course discount, regular podcast episodes) -- no decline.",NOT_APPLICABLE,,2010,B,https://en.wikipedia.org/wiki/The_Minimalists,"Third-party (Wikipedia) statement: ""Millburn and Nicodemus launched their website in 2010."" No first-party founding statement was found on theminimalists.com itself.",Similarweb,total visits,CONTENT_ONLY,181700,trailing_3_months,60567,"raw_3mo_total / 3, rounded to nearest integer",2026-09-17,Similarweb 'Total Visits Last 3 Months' snapshot; page accessed 2026-09-17,B,https://www.similarweb.com/website/theminimalists.com/,"Similarweb free-tier estimate (""Total Visits Last 3 Months""); exact reporting month varied by page and was not independently reconciled beyond the trailing-3-month framing, so no specific month is asserted.",UNKNOWN,UNKNOWN,UNKNOWN,UNKNOWN,UNKNOWN,,N,C,https://www.theminimalists.com/,Direct site observation: no display advertising visible.,UNKNOWN,UNKNOWN,UNKNOWN,,Y,C,https://www.theminimalists.com/,"Direct site observation: New York Times-bestselling authors selling books, a documentary/film, an online decluttering course ('Simplify Everything'), and a live tour ('How to Let Go Tour').",Y,C,https://www.theminimalists.com/,Direct site observation: 'Simplify Everything' paid course plus a Patreon membership and 'Friday Afternoon Minimalist Zoom' exclusive access.,Y,C,https://www.theminimalists.com/,Direct site observation: email capture form on homepage.,UNKNOWN,UNKNOWN,UNKNOWN,UNKNOWN,"No sitemap/index-count (or other automatable) content-scale proxy was collected during Study A Wave 001 research -- left UNKNOWN rather than backfill a guessed value, matching the A0 dataset's own precedent for this field."
wornandwound.com,Worn & Wound,Worn & Wound,Other Strong Niche,UNKNOWN,2026-09-17,Mid-scale Active Site,HIGH,Y,D,,"Operating since 2011 with its own e-commerce brand (Windup Watch Shop), branded events, and sponsored-content partnerships -- reasoned as an established niche authority in independent watch media.",UNKNOWN,UNKNOWN,UNKNOWN,No evidence of decline found; actively running events and shop sales.,NOT_APPLICABLE,,2011,A,https://wornandwound.com/,Operator direct statement: footer copyright reads '(c)2011 - 2026.',Similarweb,total visits,CONTENT_ONLY,805000,trailing_3_months,268333,"raw_3mo_total / 3, rounded to nearest integer",2026-09-17,Similarweb 'Total Visits Last 3 Months' snapshot; page accessed 2026-09-17,B,https://www.similarweb.com/website/wornandwound.com/,"Similarweb free-tier estimate (""Total Visits Last 3 Months""); exact reporting month varied by page and was not independently reconciled beyond the trailing-3-month framing, so no specific month is asserted.",UNKNOWN,UNKNOWN,UNKNOWN,UNKNOWN,UNKNOWN,,Y,C,https://wornandwound.com/,Direct site observation: articles marked 'Sponsored' and Google Tag Manager integration observed.,Y,C,https://wornandwound.com/,Direct site observation: product links throughout content direct to their own shop in an affiliate-style pattern.,Y,C,https://wornandwound.com/,"Direct site observation: operates 'Windup Watch Shop' e-commerce store selling watches directly (e.g. Venezianico, Timex x Worn & Wound collaboration).",Y,C,https://wornandwound.com/,Direct site observation: organizes 'Windup Watch Fair' events.,Y,C,https://wornandwound.com/,Direct site observation: prominent email subscription feature.,UNKNOWN,UNKNOWN,UNKNOWN,UNKNOWN,"No sitemap/index-count (or other automatable) content-scale proxy was collected during Study A Wave 001 research -- left UNKNOWN rather than backfill a guessed value, matching the A0 dataset's own precedent for this field."
precisionnutrition.com,Precision Nutrition,Precision Nutrition,Other Strong Niche,UNKNOWN,2026-09-17,Mid-scale Active Site,MID,Y,D,,Operating since 2005 with a professional certification business and its own coaching software (ProCoach) -- reasoned as an established niche authority in nutrition coaching.,UNKNOWN,UNKNOWN,UNKNOWN,No evidence of decline found.,NOT_APPLICABLE,,2005,A,https://www.precisionnutrition.com/,Operator direct statement: site states 'Transforming lives and certifying professionals since 2005.',Similarweb,total visits,CONTENT_ONLY,406000,trailing_3_months,135333,"raw_3mo_total / 3, rounded to nearest integer",2026-09-17,Similarweb 'Total Visits Last 3 Months' snapshot; page accessed 2026-09-17,B,https://www.similarweb.com/website/precisionnutrition.com/,"Similarweb free-tier estimate (""Total Visits Last 3 Months""); exact reporting month varied by page and was not independently reconciled beyond the trailing-3-month framing, so no specific month is asserted.",UNKNOWN,UNKNOWN,UNKNOWN,UNKNOWN,UNKNOWN,,N,C,https://www.precisionnutrition.com/,Direct site observation: no display ads found; model is direct certification/coaching sales.,UNKNOWN,UNKNOWN,UNKNOWN,,Y,C,https://www.precisionnutrition.com/,"Direct site observation: sells Level 1/Level 2 professional nutrition-coaching certifications, 1:1 coaching, a 'ProCoach' software product, and books/apparel.",Y,C,https://www.precisionnutrition.com/,Direct site observation: certification programs and direct-to-consumer coaching programs.,Y,C,https://www.precisionnutrition.com/,Direct site observation: free newsletter ('The Smartest Coach in the Room').,UNKNOWN,UNKNOWN,UNKNOWN,UNKNOWN,"No sitemap/index-count (or other automatable) content-scale proxy was collected during Study A Wave 001 research -- left UNKNOWN rather than backfill a guessed value, matching the A0 dataset's own precedent for this field."
breakingbourbon.com,Breaking Bourbon,Breaking Bourbon,Other Strong Niche,UNKNOWN,2026-09-17,Narrow Niche Authority,MID,Y,D,,Site positions itself as 'the #1 Authority in Bourbon & American Whiskey' (per direct observation) with a small specialized editorial team and its own paid membership club -- reasoned as a niche authority.,UNKNOWN,UNKNOWN,UNKNOWN,No evidence of decline found.,NOT_APPLICABLE,,2014,B,https://www.prweb.com/releases/the-most-visited-bourbon-and-american-whiskey-centered-website-breaking-bourbon-celebrates-10-years-302160428.html,"Third-party press-release reporting (PRWeb, published May 31, 2024): ""This month marks the 10th anniversary of America's leading bourbon and American whiskey focused website, Breaking Bourbon."" 2024-10=2014.",Similarweb,total visits,CONTENT_ONLY,564300,trailing_3_months,188100,"raw_3mo_total / 3, rounded to nearest integer",2026-09-17,Similarweb 'Total Visits Last 3 Months' snapshot; page accessed 2026-09-17,B,https://www.similarweb.com/website/breakingbourbon.com/,"Similarweb free-tier estimate (""Total Visits Last 3 Months""); exact reporting month varied by page and was not independently reconciled beyond the trailing-3-month framing, so no specific month is asserted.",UNKNOWN,UNKNOWN,UNKNOWN,UNKNOWN,UNKNOWN,,Y,C,https://breakingbourbon.com/,"Direct site observation: banner ads visible (Michter's, WhiskeySource, Bourbon Mystery Box).",Y,C,https://breakingbourbon.com/,Direct site observation: links to retail partners for whiskey purchases.,Y,C,https://breakingbourbon.com/,Direct site observation: 'Single Barrel Club' paid membership offering exclusive curated bottlings.,Y,C,https://breakingbourbon.com/,Direct site observation: 'Single Barrel Club' functions as a paid ongoing membership/community.,Y,C,https://breakingbourbon.com/,Direct site observation: email capture for audience engagement.,UNKNOWN,UNKNOWN,UNKNOWN,UNKNOWN,"No sitemap/index-count (or other automatable) content-scale proxy was collected during Study A Wave 001 research -- left UNKNOWN rather than backfill a guessed value, matching the A0 dataset's own precedent for this field."
thephoblographer.com,The Phoblographer,The Phoblographer,Other Strong Niche,UNKNOWN,2026-09-17,Narrow Niche Authority,MID,Y,D,,Long-running photography-gear review site with its own paid membership tier and insurance product -- reasoned as a niche authority in photography-gear journalism.,UNKNOWN,UNKNOWN,UNKNOWN,No evidence of decline found.,NOT_APPLICABLE,,2009,A,https://www.thephoblographer.com/2019/04/08/turning-10-chris-gampat-gets-candid-about-running-the-phoblographer/,"Operator direct statement in ""Turning 10"" anniversary article (published April 8, 2019), including a screenshot of the site's first blog post. 2019-10=2009.",Similarweb,total visits,CONTENT_ONLY,593200,trailing_3_months,197733,"raw_3mo_total / 3, rounded to nearest integer",2026-09-17,Similarweb 'Total Visits Last 3 Months' snapshot; page accessed 2026-09-17,B,https://www.similarweb.com/website/thephoblographer.com/,"Similarweb free-tier estimate (""Total Visits Last 3 Months""); exact reporting month varied by page and was not independently reconciled beyond the trailing-3-month framing, so no specific month is asserted.",UNKNOWN,UNKNOWN,UNKNOWN,UNKNOWN,UNKNOWN,,Y,C,https://www.thephoblographer.com/,Direct site observation: 'Subscribe here for an ad-free experience' banner confirms an ad-supported free tier.,UNKNOWN,UNKNOWN,UNKNOWN,,Y,C,https://www.thephoblographer.com/,Direct site observation: sells photography presets/eBooks and a 'photography care plan' insurance product; also an ad-free paid membership.,Y,C,https://www.thephoblographer.com/,Direct site observation: ad-free membership subscription.,Y,C,https://www.thephoblographer.com/,Direct site observation: 'SUBSCRIBE TO OUR NEWSLETTER' sidebar CTA.,UNKNOWN,UNKNOWN,UNKNOWN,UNKNOWN,"No sitemap/index-count (or other automatable) content-scale proxy was collected during Study A Wave 001 research -- left UNKNOWN rather than backfill a guessed value, matching the A0 dataset's own precedent for this field."
marksdailyapple.com,Mark's Daily Apple,Mark's Daily Apple,Other Strong Niche,UNKNOWN,2026-09-17,Contrast Cohort,LOW,Y,D,,"Historically one of the largest individual health/paleo blogs (Mark Sisson, Primal Blueprint movement) -- reasoned as a former major niche authority, now operating at a much smaller scale (see contrast fields).",Y,C,https://www.marksdailyapple.com/,"Direct site observation: the domain now describes itself as 'a Substack publication with thousands of subscribers' (~4,000 claimed) -- a structural downsizing from what was historically a large, heavily-trafficked independent blog with a dedicated editorial/content team under the Primal Blueprint/Primal Kitchen brand.",historically_declined,"Site has structurally transitioned from a large independent blog operation to a small Substack newsletter (~4,000 subscribers claimed, per direct observation).",2006,A,https://www.marksdailyapple.com/about,"Operator direct statement: ""I started this blog in 2006 to empower people to take full responsibility for their own health..."" (Mark Sisson)",Similarweb,total visits,CONTENT_ONLY,1300,trailing_3_months,433,"raw_3mo_total / 3, rounded to nearest integer",2026-09-17,Similarweb 'Total Visits Last 3 Months' snapshot; page accessed 2026-09-17,B,https://www.similarweb.com/website/marksdailyapple.com/,"Similarweb free-tier estimate (""Total Visits Last 3 Months""); exact reporting month varied by page and was not independently reconciled beyond the trailing-3-month framing, so no specific month is asserted.",UNKNOWN,UNKNOWN,UNKNOWN,UNKNOWN,UNKNOWN,,UNKNOWN,UNKNOWN,UNKNOWN,,UNKNOWN,UNKNOWN,UNKNOWN,,UNKNOWN,UNKNOWN,UNKNOWN,,Y,C,https://www.marksdailyapple.com/,Direct site observation: now operates as 'a Substack publication with thousands of subscribers' -- Substack's built-in subscription/community features apply.,Y,C,https://www.marksdailyapple.com/,"Direct site observation: Substack subscription is the site's primary current mechanism ('over 4,000 subscribers' claimed on the page).",UNKNOWN,UNKNOWN,UNKNOWN,UNKNOWN,"No sitemap/index-count (or other automatable) content-scale proxy was collected during Study A Wave 001 research -- left UNKNOWN rather than backfill a guessed value, matching the A0 dataset's own precedent for this field."
strobist.blogspot.com,Strobist,Strobist,Other Strong Niche,UNKNOWN,2026-09-17,Contrast Cohort,LOW,Y,D,,"Widely credited (per direct site observation and general industry knowledge) as one of the most influential photography-lighting education resources of the mid-2000s to 2010s -- reasoned as a historically major niche authority, now fully inactive (see contrast fields).",Y,C,https://strobist.blogspot.com/,"Direct site observation: the site's own page states 'Strobist is a blog that was published from 2006 to 2021,' confirming complete cessation of new content after 2021.",shutdown,Published 2006-2021; confirmed inactive/archival-only since 2021 (per the site's own description).,2006,C,https://strobist.blogspot.com/2006/02/welcome-to-strobist.html,"Direct observation: earliest identifiable post/archive URL is dated February 2006 (""What is Strobist?"" welcome post).",Similarweb,total visits,CONTENT_ONLY,25500,trailing_3_months,8500,"raw_3mo_total / 3, rounded to nearest integer",2026-09-17,Similarweb 'Total Visits Last 3 Months' snapshot; page accessed 2026-09-17,B,https://www.similarweb.com/website/strobist.blogspot.com/,"Similarweb free-tier estimate (""Total Visits Last 3 Months""); exact reporting month varied by page and was not independently reconciled beyond the trailing-3-month framing, so no specific month is asserted.",UNKNOWN,UNKNOWN,UNKNOWN,UNKNOWN,UNKNOWN,,UNKNOWN,UNKNOWN,UNKNOWN,,UNKNOWN,UNKNOWN,UNKNOWN,,N,C,https://strobist.blogspot.com/,Direct site observation: content is explicitly described as free educational material multiple times; no products/courses for sale found on the archival page.,N,C,https://strobist.blogspot.com/,Direct site observation: no paid community found.,N,C,https://strobist.blogspot.com/,Direct site observation: no newsletter signup found on the archival page.,UNKNOWN,UNKNOWN,UNKNOWN,UNKNOWN,"No sitemap/index-count (or other automatable) content-scale proxy was collected during Study A Wave 001 research -- left UNKNOWN rather than backfill a guessed value, matching the A0 dataset's own precedent for this field."
manrepeller.com,Man Repeller,Man Repeller,Other Strong Niche,UNKNOWN,2026-09-17,Contrast Cohort,UNKNOWN,Y,D,,"Man Repeller was a highly influential independent fashion/lifestyle media brand (Leandra Medine) prior to ceasing operations -- reasoned as a formerly major niche authority, now shut down (see contrast fields).",Y,B,https://fashionista.com/2020/10/man-repeller-shutting-down,"Third-party reporting: Fashionista and MediaPost both reported the site ceased operations on October 28, 2020, following internal controversy; Fashionista published a follow-up on 'The Complicated Legacy of Man Repeller.'",shutdown,"Ceased operations October 28, 2020, per contemporaneous press reporting (Fashionista, MediaPost).",2010,B,https://en.wikipedia.org/wiki/Man_Repeller,"Third-party (Wikipedia) statement: ""Medine started the Man Repeller blog in May 2010.""",UNKNOWN,UNKNOWN,CONTENT_ONLY,UNKNOWN,UNKNOWN,UNKNOWN,UNKNOWN,UNKNOWN,UNKNOWN,UNKNOWN,UNKNOWN,"Similarweb page shows ""No Data to Display""/""No Data Available"" across all traffic sections for this shut-down domain; left UNKNOWN.",UNKNOWN,UNKNOWN,UNKNOWN,UNKNOWN,UNKNOWN,,UNKNOWN,UNKNOWN,UNKNOWN,,UNKNOWN,UNKNOWN,UNKNOWN,,UNKNOWN,UNKNOWN,UNKNOWN,,UNKNOWN,UNKNOWN,UNKNOWN,,UNKNOWN,UNKNOWN,UNKNOWN,,UNKNOWN,UNKNOWN,UNKNOWN,UNKNOWN,"No sitemap/index-count (or other automatable) content-scale proxy was collected during Study A Wave 001 research -- left UNKNOWN rather than backfill a guessed value, matching the A0 dataset's own precedent for this field."
